longitude;latitude;ADG443_NN;CHL_NN;CHL_OC4ME;IWV;KD490_M07;PAR;T865;TSM_NN;aphy_443;bbp_443
9.3451810000;58.1837730000;0.18356;1.33655;1.66139;8.40000;0.12890;1497.24414;0.04409;1.37393;0.03198;0.00753
9.3451810000;58.1837730000;0.18356;1.33655;1.66139;9.00000;0.12890;1497.24414;0.04409;1.37393;0.03209;0.00753
9.3556920000;58.1831180000;0.21030;1.60223;1.60223;9.30000;0.12890;1477.16541;0.03780;1.62345;0.03100;0.00706
9.3556920000;58.1831180000;0.21030;1.60223;1.60223;9.00000;0.12890;1490.55115;0.03780;1.62345;0.03111;0.00707
9.3551340000;58.1805530000;0.22005;1.72274;1.78636;8.70000;0.13610;1490.55115;0.03780;1.69261;0.03677;0.00743
9.3656280000;58.1798980000;0.20098;1.54517;1.49014;8.70000;0.12207;1497.24414;0.04409;1.55711;0.02669;0.00741
9.3656280000;58.1798980000;0.20098;1.54517;1.49014;8.70000;0.12207;1497.24414;0.04409;1.55711;0.02681;0.00742
9.3761190000;58.1792430000;0.20098;1.49014;1.54517;8.40000;0.12544;1497.24414;0.04409;1.43246;0.03185;0.00733
9.3761190000;58.1792430000;0.20098;1.49014;1.54517;8.40000;0.12544;1497.24414;0.04409;1.43246;0.03195;0.00734
9.3865940000;58.1785870000;0.18356;1.33655;1.60223;8.40000;0.12890;1497.24414;0.03780;1.37393;0.03315;0.00827
9.3865940000;58.1785870000;0.18356;1.33655;1.60223;8.10000;0.12890;1497.24414;0.03780;1.37393;0.03309;0.00828
9.3865940000;58.1785870000;0.18356;1.33655;1.60223;7.80000;0.12890;1497.24414;0.03780;1.37393;0.03304;0.00828
9.3965020000;58.1753670000;0.18356;1.28895;1.38590;7.80000;0.11880;1517.32288;0.03780;1.31779;0.04784;0.00800
9.3965020000;58.1753670000;0.18356;1.28895;1.38590;8.10000;0.11880;1517.32288;0.03780;1.31779;0.04790;0.00800
9.4069600000;58.1747110000;0.17543;1.19878;1.43708;8.40000;0.12207;1510.62988;0.03780;1.21230;0.04720;0.00741
9.4069600000;58.1747110000;0.17543;1.19878;1.43708;8.10000;0.12207;1510.62988;0.03780;1.21230;0.04724;0.00741
9.4174070000;58.1740540000;0.18356;1.43708;1.66139;8.10000;0.12890;1503.93701;0.04409;1.43246;0.03648;0.00803
9.4174070000;58.1740540000;0.18356;1.43708;1.66139;8.40000;0.12890;1503.93701;0.04409;1.43246;0.03650;0.00803
9.4174070000;58.1740540000;0.18356;1.38590;1.66139;8.40000;0.12890;1503.93701;0.04409;1.43246;0.03673;0.00803
9.4278460000;58.1733970000;0.19207;1.38590;1.38590;8.70000;0.11880;1510.62988;0.03780;1.43246;0.04842;0.00841
9.4272830000;58.1708330000;0.21030;1.54517;1.66139;9.60000;0.12890;1470.47241;0.04409;1.62345;0.05347;0.00820
9.4377070000;58.1701760000;0.21030;1.49014;1.60223;9.30000;0.12544;1470.47241;0.03780;1.62345;0.03406;0.00847
9.4377070000;58.1701760000;0.21030;1.49014;1.60223;8.70000;0.12544;1490.55115;0.03780;1.62345;0.03414;0.00848
9.4481290000;58.1695190000;0.18356;1.33655;1.49014;8.70000;0.12207;1503.93701;0.04409;1.49349;0.04356;0.00787
9.4481290000;58.1695190000;0.18356;1.33655;1.49014;9.30000;0.12207;1490.55115;0.04409;1.49349;0.04361;0.00788
9.4585350000;58.1688610000;0.18356;1.28895;1.49014;9.60000;0.12207;1477.16541;0.03780;1.37393;0.05221;0.00881
9.4585350000;58.1688610000;0.18356;1.28895;1.49014;9.90000;0.12207;1463.77954;0.03780;1.37393;0.05224;0.00881
9.4585350000;58.1688610000;0.18356;1.28895;1.49014;10.20000;0.12207;1443.70081;0.03780;1.37393;0.05229;0.00881
9.4683680000;58.1656390000;0.19207;1.33655;1.49014;9.60000;0.12207;1477.16541;0.03780;1.43246;0.05560;0.00899
9.4683680000;58.1656390000;0.19207;1.33655;1.49014;9.30000;0.12207;1490.55115;0.03780;1.43246;0.05563;0.00900
9.4787570000;58.1649810000;0.19207;1.24305;1.66139;9.30000;0.12890;1477.16541;0.03780;1.31779;0.03100;0.00842
9.4787570000;58.1649810000;0.19207;1.24305;1.66139;9.30000;0.12890;1470.47241;0.03780;1.31779;0.03118;0.00843
9.4891360000;58.1643220000;0.18356;1.19878;1.54517;9.60000;0.12544;1463.77954;0.03780;1.37393;0.02283;0.00915
9.4891360000;58.1643220000;0.18356;1.19878;1.54517;9.30000;0.12544;1483.85828;0.03780;1.37393;0.02307;0.00916
9.4891360000;58.1643220000;0.18356;1.19878;1.54517;9.00000;0.12544;1490.55115;0.03780;1.37393;0.02363;0.00916
9.4995060000;58.1636640000;0.18356;1.19878;1.43708;9.30000;0.11880;1490.55115;0.04409;1.31779;0.04597;0.00855
9.4989370000;58.1610990000;0.19207;1.24305;1.72274;9.00000;0.13245;1483.85828;0.03780;1.37393;0.05863;0.00964
9.5092980000;58.1604400000;0.18356;1.28895;1.60223;9.30000;0.12544;1470.47241;0.03780;1.43246;0.03152;0.00882
9.5092980000;58.1604400000;0.18356;1.28895;1.60223;9.90000;0.12544;1443.70081;0.03780;1.43246;0.03170;0.00883
9.5196440000;58.1597810000;0.20098;1.54517;1.43708;9.90000;0.11880;1457.08667;0.03780;1.76472;0.05134;0.00955
9.5196440000;58.1597810000;0.20098;1.54517;1.43708;9.60000;0.11880;1477.16541;0.03780;1.76472;0.05139;0.00955
9.5299870000;58.1591210000;0.18356;1.28895;1.33655;9.30000;0.11561;1503.93701;0.03780;1.49349;0.05438;0.00971
9.5299870000;58.1591210000;0.18356;1.28895;1.33655;9.30000;0.11561;1503.93701;0.03780;1.49349;0.05443;0.00971
9.5299870000;58.1591210000;0.18356;1.28895;1.33655;9.60000;0.11561;1503.93701;0.03780;1.49349;0.05448;0.00971
9.5397450000;58.1558970000;0.20098;1.33655;1.54517;9.90000;0.12544;1470.47241;0.03150;1.43246;0.05786;0.01012
9.5397450000;58.1558970000;0.20098;1.33655;1.54517;10.20000;0.12544;1457.08667;0.03150;1.43246;0.05787;0.01013
9.5500660000;58.1552370000;0.18356;1.24305;1.49014;10.50000;0.12207;1437.00793;0.03780;1.43246;0.05214;0.01006
9.5500660000;58.1552370000;0.18356;1.24305;1.49014;10.20000;0.12207;1443.70081;0.03780;1.43246;0.05219;0.01006
9.5603790000;58.1545770000;0.19207;1.33655;1.49014;9.60000;0.12207;1463.77954;0.04409;1.49349;0.05081;0.00901
9.5603790000;58.1545770000;0.19207;1.33655;1.49014;9.30000;0.12207;1490.55115;0.04409;1.49349;0.05086;0.00901
9.5706790000;58.1539170000;0.19207;1.54517;1.33655;8.70000;0.11561;1490.55115;0.03150;1.62345;0.05189;0.00729
9.5706790000;58.1539170000;0.19207;1.54517;1.33655;8.40000;0.11561;1490.55115;0.03150;1.62345;0.05187;0.00729
9.5701050000;58.1513520000;0.17543;1.38590;1.19878;9.30000;0.10949;1490.55115;0.03780;1.37393;0.04545;0.00676
9.5803960000;58.1506910000;0.18356;1.54517;1.24305;9.30000;0.11251;1503.93701;0.03150;1.55711;0.04799;0.00641
9.5803960000;58.1506910000;0.18356;1.54517;1.24305;9.00000;0.11251;1510.62988;0.03150;1.49349;0.04801;0.00641
9.5906800000;58.1500300000;0.17543;1.54517;1.24305;9.00000;0.11251;1503.93701;0.03780;1.49349;0.04876;0.00606
9.5906800000;58.1500300000;0.17543;1.54517;1.24305;9.00000;0.11251;1510.62988;0.03780;1.49349;0.04877;0.00606
9.6009500000;58.1493690000;0.18356;1.49014;1.28895;8.70000;0.11251;1497.24414;0.03780;1.26394;0.04377;0.00517
9.6009500000;58.1493690000;0.18356;1.49014;1.28895;8.70000;0.11251;1497.24414;0.03780;1.26394;0.04379;0.00517
9.6112180000;58.1487070000;0.18356;1.49014;1.38590;8.70000;0.11880;1503.93701;0.04409;1.26394;0.05224;0.00542
9.6106410000;58.1461430000;0.18356;1.72274;1.33655;8.70000;0.11561;1490.55115;0.03150;1.37393;0.04414;0.00453
9.6106410000;58.1461430000;0.18356;1.72274;1.33655;8.40000;0.11561;1490.55115;0.03150;1.37393;0.04415;0.00453
9.6208930000;58.1454810000;0.16765;1.54517;1.38590;8.70000;0.12544;1524.01575;0.03150;1.43246;0.05412;0.00526
9.6208930000;58.1454810000;0.16765;1.54517;1.38590;8.70000;0.12207;1524.01575;0.03780;1.43246;0.05411;0.00527
9.6311390000;58.1448190000;0.15312;1.38590;1.33655;8.70000;0.11561;1497.24414;0.03780;1.21230;0.05211;0.00545
9.6311390000;58.1448190000;0.15312;1.38590;1.33655;8.70000;0.11561;1497.24414;0.03780;1.21230;0.05211;0.00545
9.6413720000;58.1441570000;0.18356;1.60223;1.24305;8.70000;0.11251;1503.93701;0.03780;1.43246;0.04613;0.00579
9.6407930000;58.1415920000;0.15312;1.43708;1.72274;8.70000;0.13245;1503.93701;0.04409;1.37393;0.06052;0.00598
9.6510200000;58.1409300000;0.20098;1.72274;1.60223;8.70000;0.12890;1497.24414;0.03780;1.37393;0.05528;0.00573
9.6510200000;58.1409300000;0.20098;1.72274;1.60223;9.00000;0.12890;1497.24414;0.03780;1.37393;0.05528;0.00573
9.6510200000;58.1409300000;0.20098;1.72274;1.60223;9.00000;0.12890;1497.24414;0.03780;1.37393;0.05528;0.00574
9.6612320000;58.1402670000;0.18356;1.60223;1.28895;9.00000;0.11251;1503.93701;0.04409;1.43246;0.04276;0.00528
9.6612320000;58.1402670000;0.18356;1.60223;1.28895;8.70000;0.11251;1503.93701;0.04409;1.43246;0.04279;0.00529
9.6714410000;58.1396040000;0.13985;1.38590;1.49014;9.00000;0.12544;1490.55115;0.03780;1.31779;0.05149;0.00513
9.6714410000;58.1396040000;0.13985;1.38590;1.49014;9.30000;0.12544;1483.85828;0.03780;1.31779;0.05150;0.00514
9.6810530000;58.1363760000;0.18356;1.60223;1.38590;9.00000;0.11880;1483.85828;0.03780;1.49349;0.04664;0.00539
9.6810530000;58.1363760000;0.18356;1.60223;1.38590;9.30000;0.11880;1470.47241;0.03780;1.49349;0.04666;0.00540
9.6912400000;58.1357130000;0.14634;1.33655;1.24305;9.60000;0.11251;1457.08667;0.04409;1.21230;0.05168;0.00612
9.6912400000;58.1357130000;0.14634;1.33655;1.24305;9.60000;0.11251;1457.08667;0.04409;1.21230;0.05170;0.00612
9.6912400000;58.1357130000;0.14634;1.33655;1.24305;9.90000;0.11251;1450.39368;0.04409;1.21230;0.05172;0.00612
9.7014200000;58.1350490000;0.13985;1.38590;1.43708;9.90000;0.12207;1457.08667;0.04409;1.31779;0.05245;0.00576
9.7014200000;58.1350490000;0.13985;1.38590;1.43708;9.60000;0.12207;1457.08667;0.04409;1.31779;0.05245;0.00575
9.7115880000;58.1343850000;0.20098;1.60223;1.49014;9.60000;0.12207;1450.39368;0.03780;1.49349;0.05076;0.00572
9.7110040000;58.1318200000;0.19207;1.66139;1.43708;9.60000;0.11880;1457.08667;0.03780;1.55711;0.04880;0.00580
9.7211630000;58.1311560000;0.19207;1.60223;1.33655;9.60000;0.11561;1470.47241;0.04409;1.49349;0.05401;0.00647
9.7211630000;58.1311560000;0.19207;1.60223;1.33655;9.60000;0.11561;1470.47241;0.04409;1.49349;0.05403;0.00647
9.7313110000;58.1304920000;0.20098;1.66139;1.38590;9.60000;0.11880;1457.08667;0.03150;1.55711;0.05066;0.00602
9.7313110000;58.1304920000;0.20098;1.66139;1.38590;9.30000;0.11880;1477.16541;0.03150;1.55711;0.05068;0.00603
9.7313110000;58.1304920000;0.20098;1.66139;1.38590;8.70000;0.11880;1490.55115;0.03150;1.55711;0.05070;0.00603
9.7414500000;58.1298270000;0.14634;1.49014;1.33655;9.00000;0.11880;1517.32288;0.03150;1.49349;0.04778;0.00589
9.7414500000;58.1298270000;0.14634;1.49014;1.33655;9.00000;0.11880;1517.32288;0.03150;1.49349;0.04781;0.00589
9.7509960000;58.1265970000;0.20098;1.78636;1.43708;9.00000;0.12207;1510.62988;0.03780;1.69261;0.05621;0.00671
9.7509960000;58.1265970000;0.20098;1.78636;1.43708;9.00000;0.12207;1510.62988;0.03780;1.69261;0.05622;0.00671
9.7611160000;58.1259320000;0.20098;1.78636;1.49014;9.00000;0.12207;1497.24414;0.03780;1.55711;0.05547;0.00637
9.7611160000;58.1259320000;0.20098;1.78636;1.49014;9.00000;0.12207;1497.24414;0.03780;1.55711;0.05550;0.00637
9.7712310000;58.1252670000;0.21030;1.66139;1.43708;9.00000;0.11880;1503.93701;0.03780;1.49349;0.05230;0.00611
9.7712310000;58.1252670000;0.21030;1.66139;1.43708;9.60000;0.11880;1483.85828;0.03780;1.49349;0.05232;0.00611
9.7712310000;58.1252670000;0.21030;1.66139;1.38590;9.90000;0.11880;1463.77954;0.03780;1.49349;0.05233;0.00612
9.7813310000;58.1246020000;0.20098;1.78636;1.33655;9.90000;0.11561;1450.39368;0.03780;1.69261;0.05210;0.00658
9.7807420000;58.1220370000;0.20098;1.66139;1.60223;9.00000;0.12544;1490.55115;0.03780;1.55711;0.05516;0.00612
9.7908390000;58.1213710000;0.16765;1.49014;1.43708;9.00000;0.12207;1503.93701;0.03780;1.49349;0.05092;0.00654
9.7908390000;58.1213710000;0.16765;1.49014;1.43708;9.00000;0.12207;1510.62988;0.03780;1.49349;0.05093;0.00654
9.8009180000;58.1207050000;0.19207;1.66139;1.54517;8.70000;0.12544;1510.62988;0.03780;1.69261;0.05613;0.00643
9.8009180000;58.1207050000;0.19207;1.66139;1.54517;8.40000;0.12544;1510.62988;0.04409;1.69261;0.05614;0.00643
9.8109940000;58.1200390000;0.17543;1.54517;1.54517;8.40000;0.12544;1510.62988;0.03780;1.55711;0.05718;0.00637
9.8109940000;58.1200390000;0.16765;1.54517;1.54517;8.70000;0.12544;1510.62988;0.03780;1.55711;0.05718;0.00637
9.8109940000;58.1200390000;0.16765;1.54517;1.54517;9.30000;0.12544;1497.24414;0.03780;1.55711;0.05718;0.00637
9.8204650000;58.1168050000;0.21030;1.85232;1.49014;9.60000;0.12207;1470.47241;0.04409;1.62345;0.06069;0.00653
9.8204650000;58.1168050000;0.21030;1.85232;1.49014;9.60000;0.12207;1457.08667;0.04409;1.62345;0.06069;0.00653
9.8305240000;58.1161390000;0.15312;1.49014;1.38590;10.20000;0.11880;1450.39368;0.03150;1.49349;0.05892;0.00684
9.8305240000;58.1161390000;0.15312;1.49014;1.38590;9.90000;0.11880;1463.77954;0.03150;1.49349;0.05888;0.00684
9.8405690000;58.1154720000;0.15312;1.49014;1.33655;9.30000;0.11561;1497.24414;0.03780;1.37393;0.05261;0.00552
9.8405690000;58.1154720000;0.15312;1.49014;1.33655;9.30000;0.11561;1503.93701;0.03780;1.37393;0.05261;0.00552
9.8506100000;58.1148040000;0.17543;1.49014;1.11492;9.30000;0.10655;1497.24414;0.03780;1.21230;0.05219;0.00570
9.8506100000;58.1148040000;0.17543;1.49014;1.11492;9.00000;0.10655;1510.62988;0.03780;1.21230;0.05219;0.00570
9.8600410000;58.1115730000;0.17543;1.78636;1.28895;8.70000;0.11251;1517.32288;0.03150;1.37393;0.04613;0.00474
9.8600410000;58.1115730000;0.17543;1.78636;1.28895;8.40000;0.11251;1517.32288;0.03150;1.37393;0.04613;0.00474
9.8700630000;58.1109050000;0.12773;1.24305;1.03693;8.40000;0.10369;1503.93701;0.04409;1.02597;0.03895;0.00415
9.8700630000;58.1109050000;0.12773;1.24305;1.03693;8.70000;0.10369;1503.93701;0.04409;1.02597;0.03895;0.00415
9.8700630000;58.1109050000;0.12773;1.24305;1.03693;9.00000;0.10369;1503.93701;0.04409;1.02597;0.03895;0.00415
9.8800710000;58.1102370000;0.17543;1.54517;1.15609;9.00000;0.10655;1530.70874;0.03780;1.16276;0.04393;0.00473
9.8800710000;58.1102370000;0.17543;1.54517;1.15609;9.30000;0.10655;1524.01575;0.03780;1.16276;0.04393;0.00473
9.8894760000;58.1070040000;0.12207;1.38590;1.15609;9.30000;0.10949;1517.32288;0.03780;1.31779;0.04419;0.00422
9.8894760000;58.1070040000;0.11666;1.38590;1.15609;9.30000;0.10655;1517.32288;0.03780;1.31779;0.04416;0.00422
9.8994690000;58.1063360000;0.13985;1.49014;1.03693;9.30000;0.10091;1524.01575;0.03780;1.26394;0.04075;0.00425
9.8994690000;58.1063360000;0.13985;1.49014;1.00000;9.30000;0.10091;1517.32288;0.03780;1.26394;0.04074;0.00425
9.9094510000;58.1056680000;0.15312;1.54517;1.49014;9.30000;0.12207;1483.85828;0.04409;1.26394;0.06639;0.00482
9.9094510000;58.1056680000;0.15312;1.54517;1.49014;9.00000;0.12207;1497.24414;0.04409;1.26394;0.06639;0.00482
9.9194270000;58.1049990000;0.20098;2.14145;1.85232;9.00000;0.13610;1503.93701;0.03780;1.21230;0.02657;0.00473
9.9194270000;58.1049990000;0.20098;2.14145;1.85232;8.40000;0.13610;1503.93701;0.03780;1.21230;0.02686;0.00473
9.9188270000;58.1024340000;0.16022;1.72274;1.60223;7.50000;0.13245;1517.32288;0.03150;1.43246;0.03328;0.00460
9.9287910000;58.1017650000;0.17543;2.38755;1.49014;7.50000;0.13610;1517.32288;0.03150;1.26394;0.05885;0.00431
9.9287910000;58.1017650000;0.17543;2.38755;1.49014;7.50000;0.13610;1517.32288;0.03150;1.26394;0.05881;0.00432
9.9387460000;58.1010960000;0.20098;2.06519;1.72274;8.10000;0.13245;1497.24414;0.03780;1.11525;0.02425;0.00470
9.9387460000;58.1010960000;0.20098;2.06519;1.72274;8.70000;0.13245;1497.24414;0.03780;1.11525;0.02436;0.00471
9.9486930000;58.1004270000;0.18356;2.22053;1.60223;9.00000;0.13610;1517.32288;0.03780;1.49349;0.06350;0.00456
9.9486930000;58.1004270000;0.18356;2.14145;1.60223;9.30000;0.13610;1497.24414;0.03780;1.49349;0.06345;0.00456
9.9586310000;58.0997580000;0.17543;1.99165;1.43708;9.60000;0.11880;1477.16541;0.03780;1.31779;0.05747;0.00467
9.9580280000;58.0971930000;0.22005;2.47572;1.60223;9.00000;0.13245;1503.93701;0.04409;1.43246;0.06434;0.00466
9.9679560000;58.0965230000;0.18356;2.38755;1.78636;8.70000;0.13985;1503.93701;0.04409;1.31779;0.02173;0.00484
9.9679560000;58.0965230000;0.18356;2.38755;1.78636;8.70000;0.13985;1503.93701;0.04409;1.31779;0.02194;0.00485
9.9679560000;58.0965230000;0.18356;2.38755;1.78636;8.70000;0.13985;1503.93701;0.04409;1.31779;0.02215;0.00485
9.9778780000;58.0958530000;0.19207;2.22053;1.66139;9.00000;0.12890;1510.62988;0.03780;1.49349;0.07064;0.00570
9.9778780000;58.0958530000;0.19207;2.22053;1.66139;9.30000;0.12890;1490.55115;0.03780;1.49349;0.07063;0.00570
9.9877860000;58.0951830000;0.18356;2.47572;1.54517;9.30000;0.12544;1497.24414;0.03780;1.43246;0.05800;0.00500
9.9877860000;58.0951830000;0.18356;2.47572;1.54517;9.60000;0.12544;1483.85828;0.03780;1.43246;0.05798;0.00500
9.9970830000;58.0919480000;0.20098;2.38755;1.66139;9.30000;0.13985;1470.47241;0.03150;1.37393;0.06580;0.00446
9.9970830000;58.0919480000;0.20098;2.38755;1.66139;9.00000;0.13985;1490.55115;0.03150;1.37393;0.06560;0.00446
10.0069760000;58.0912770000;0.21030;2.14145;1.78636;9.30000;0.13985;1503.93701;0.03780;1.55711;0.06871;0.00528
10.0069760000;58.0912770000;0.21030;2.14145;1.78636;9.60000;0.13985;1483.85828;0.03780;1.55711;0.06869;0.00528
10.0168590000;58.0906070000;0.21030;2.14145;1.49014;9.90000;0.12207;1443.70081;0.03150;1.43246;0.05632;0.00480
10.0168590000;58.0906070000;0.21030;2.14145;1.49014;10.20000;0.12207;1423.62207;0.03150;1.43246;0.05633;0.00480
10.0168590000;58.0906070000;0.21030;2.06519;1.49014;10.50000;0.12207;1403.54333;0.03150;1.43246;0.05634;0.00481
10.0267350000;58.0899360000;0.20098;2.14145;1.66139;10.20000;0.13245;1423.62207;0.03780;1.49349;0.06592;0.00492
10.0261270000;58.0873710000;0.19207;2.06519;1.38590;9.00000;0.11880;1524.01575;0.03150;1.55711;0.05270;0.00511
10.0359930000;58.0867000000;0.19207;1.92072;1.43708;9.00000;0.12207;1503.93701;0.04409;1.37393;0.06365;0.00538
10.0359930000;58.0867000000;0.19207;1.92072;1.43708;9.00000;0.12207;1497.24414;0.04409;1.37393;0.06366;0.00538
10.0458490000;58.0860290000;0.20098;1.78636;1.33655;9.30000;0.11561;1483.85828;0.03780;1.21230;0.05229;0.00477
10.0458490000;58.0860290000;0.20098;1.78636;1.33655;9.60000;0.11561;1470.47241;0.03780;1.21230;0.05227;0.00477
10.0556950000;58.0853570000;0.21030;2.22053;1.54517;9.00000;0.12544;1510.62988;0.04409;1.55711;0.05841;0.00561
10.0556950000;58.0853570000;0.21030;2.22053;1.54517;8.40000;0.12544;1510.62988;0.04409;1.55711;0.05839;0.00562
10.0655340000;58.0846860000;0.16765;1.66139;1.60223;8.10000;0.12544;1497.24414;0.03780;1.55711;0.06553;0.00569
10.0649240000;58.0821210000;0.19207;1.78636;1.33655;8.40000;0.11561;1497.24414;0.03150;1.37393;0.04794;0.00476
10.0649240000;58.0821210000;0.19207;1.78636;1.33655;8.10000;0.11561;1497.24414;0.03150;1.37393;0.04793;0.00476
10.0747530000;58.0814490000;0.22005;2.14145;1.49014;8.10000;0.12207;1497.24414;0.03780;1.62345;0.05714;0.00550
10.0747530000;58.0814490000;0.22005;2.14145;1.49014;8.10000;0.12207;1497.24414;0.03780;1.62345;0.05712;0.00550
10.0845720000;58.0807770000;0.24093;2.30253;1.49014;7.80000;0.12207;1517.32288;0.03780;1.69261;0.06151;0.00635
10.0845720000;58.0807770000;0.24093;2.30253;1.49014;7.80000;0.12207;1517.32288;0.03780;1.69261;0.06151;0.00635
10.0943850000;58.0801050000;0.20098;1.92072;1.66139;8.10000;0.12890;1510.62988;0.04409;1.62345;0.06513;0.00637
10.0943850000;58.0801050000;0.20098;1.92072;1.66139;8.70000;0.12890;1510.62988;0.04409;1.62345;0.06512;0.00637
10.1035760000;58.0768670000;0.23025;2.14145;1.66139;9.30000;0.13245;1483.85828;0.03780;1.76472;0.06010;0.00610
10.1035760000;58.0768670000;0.23025;2.14145;1.66139;9.30000;0.13245;1470.47241;0.03780;1.76472;0.06008;0.00610
10.1133690000;58.0761950000;0.16765;1.43708;1.72274;9.90000;0.13245;1450.39368;0.03780;1.43246;0.05957;0.00665
10.1133690000;58.0761950000;0.16765;1.43708;1.72274;9.60000;0.13245;1463.77954;0.03780;1.43246;0.05959;0.00665
10.1231550000;58.0755220000;0.16022;1.54517;1.54517;9.60000;0.12544;1457.08667;0.03780;1.55711;0.06024;0.00683
10.1231550000;58.0755220000;0.16022;1.54517;1.54517;10.50000;0.12544;1416.92920;0.03780;1.55711;0.06024;0.00683
10.1329330000;58.0748490000;0.21030;1.72274;1.66139;11.10000;0.12890;1376.77173;0.03780;1.55711;0.05637;0.00671
10.1329330000;58.0748490000;0.21030;1.72274;1.66139;10.50000;0.12890;1403.54333;0.03780;1.55711;0.05638;0.00671
10.1323180000;58.0722840000;0.20098;1.72274;1.38590;9.90000;0.11880;1463.77954;0.04409;1.69261;0.05560;0.00700
10.1420870000;58.0716110000;0.23025;1.92072;1.66139;9.60000;0.13245;1457.08667;0.03150;1.76472;0.05856;0.00694
10.1420870000;58.0716110000;0.23025;1.92072;1.66139;9.60000;0.13245;1463.77954;0.03150;1.76472;0.05857;0.00695
10.1518460000;58.0709370000;0.24093;1.99165;1.78636;9.30000;0.13985;1477.16541;0.03780;1.83990;0.06826;0.00742
10.1512290000;58.0683730000;0.18356;1.60223;1.78636;9.60000;0.13245;1463.77954;0.03780;1.62345;0.06794;0.00781
10.1506120000;58.0658080000;0.23025;1.92072;1.72274;9.60000;0.13610;1470.47241;0.04409;1.91828;0.06120;0.00719
10.1499950000;58.0632430000;0.20098;1.72274;1.60223;9.60000;0.12544;1457.08667;0.03780;1.69261;0.06156;0.00764
10.1493780000;58.0606780000;0.19207;1.60223;1.78636;9.90000;0.13245;1443.70081;0.03780;1.62345;0.06604;0.00744
10.1487620000;58.0581130000;0.24093;1.92072;1.66139;9.90000;0.12890;1463.77954;0.04409;1.76472;0.05775;0.00742
10.1578910000;58.0548740000;0.18356;1.49014;2.06519;9.90000;0.14767;1450.39368;0.04409;1.55711;0.07370;0.00811
10.1572730000;58.0523090000;0.22005;1.85232;1.72274;10.20000;0.13985;1423.62207;0.03780;1.83990;0.04676;0.00695
10.1566560000;58.0497440000;0.23025;2.14145;1.66139;10.50000;0.13610;1403.54333;0.03780;2.00000;0.05910;0.00669
10.1560390000;58.0471790000;0.18356;1.49014;1.78636;9.90000;0.13610;1463.77954;0.03780;1.49349;0.04224;0.00734
10.1554220000;58.0446140000;0.18356;1.66139;1.92072;9.60000;0.14767;1470.47241;0.04409;1.55711;0.06934;0.00678
10.1548040000;58.0420490000;0.18356;1.60223;1.92072;9.60000;0.14371;1490.55115;0.03780;1.49349;0.07389;0.00733
10.1541870000;58.0394840000;0.16022;1.49014;1.85232;9.30000;0.13610;1503.93701;0.04409;1.43246;0.05169;0.00656
10.1535700000;58.0369170000;0.16022;1.60223;2.14145;9.00000;0.15174;1503.93701;0.04409;1.55711;0.04693;0.00679
10.1626850000;58.0336780000;0.16765;1.66139;1.85232;9.60000;0.13610;1483.85828;0.03780;1.62345;0.07207;0.00748
10.1620670000;58.0311130000;0.16765;1.49014;1.66139;9.60000;0.12890;1477.16541;0.04409;1.49349;0.06301;0.00698
10.1614490000;58.0285490000;0.19207;1.66139;1.78636;9.90000;0.13245;1450.39368;0.03150;1.69261;0.06464;0.00711
10.1608310000;58.0259840000;0.18356;1.66139;1.60223;9.60000;0.12890;1490.55115;0.03780;1.69261;0.06354;0.00738
10.1602130000;58.0234190000;0.18356;1.60223;1.60223;9.30000;0.12890;1483.85828;0.03780;1.55711;0.03876;0.00661
10.1595960000;58.0208550000;0.18356;1.72274;1.60223;9.60000;0.12890;1477.16541;0.04409;1.76472;0.06120;0.00693
10.1589780000;58.0182900000;0.17543;1.66139;1.85232;9.90000;0.13610;1470.47241;0.03780;1.76472;0.06653;0.00721
10.1680780000;58.0150510000;0.17543;1.43708;1.60223;9.30000;0.12890;1483.85828;0.04409;1.37393;0.06407;0.00736
10.1674600000;58.0124870000;0.22005;1.92072;1.54517;9.90000;0.12544;1463.77954;0.04409;1.69261;0.05274;0.00675
10.1668410000;58.0099220000;0.23025;1.99165;1.66139;10.20000;0.12890;1423.62207;0.03150;1.76472;0.05936;0.00681
10.1662230000;58.0073570000;0.19207;1.72274;1.43708;9.90000;0.12544;1477.16541;0.03780;1.69261;0.05344;0.00628
10.1656050000;58.0047930000;0.19207;1.60223;1.72274;9.30000;0.13245;1497.24414;0.03780;1.55711;0.04329;0.00745
10.1649870000;58.0022280000;0.18356;1.60223;1.60223;9.60000;0.13610;1470.47241;0.04409;1.62345;0.05818;0.00638
10.1643680000;57.9996630000;0.20098;1.78636;1.85232;9.60000;0.13985;1477.16541;0.03780;1.76472;0.05492;0.00718
10.1637500000;57.9970990000;0.18356;1.54517;1.43708;9.30000;0.13245;1477.16541;0.03150;1.49349;0.05086;0.00554
10.1728400000;57.9938590000;0.23025;1.92072;1.78636;9.00000;0.13610;1503.93701;0.03780;1.76472;0.02785;0.00808
10.1722210000;57.9912950000;0.18356;1.49014;1.85232;9.30000;0.13610;1477.16541;0.03780;1.37393;0.04215;0.00695
10.1716030000;57.9887300000;0.23025;1.92072;1.72274;9.90000;0.13985;1443.70081;0.03780;1.76472;0.03975;0.00656
10.1709840000;57.9861650000;0.21030;1.78636;1.85232;9.90000;0.13610;1483.85828;0.03780;1.76472;0.07758;0.00852
10.1703650000;57.9836010000;0.23025;1.85232;1.85232;9.60000;0.13985;1463.77954;0.03150;1.62345;0.04157;0.00661
10.1697460000;57.9810360000;0.19207;1.66139;1.66139;9.90000;0.12890;1463.77954;0.03780;1.69261;0.06208;0.00714
10.1691280000;57.9784710000;0.17543;1.49014;1.78636;9.30000;0.13245;1483.85828;0.04409;1.37393;0.06380;0.00690
10.1781980000;57.9752300000;0.18356;1.72274;1.49014;9.30000;0.12207;1497.24414;0.03780;1.69261;0.05603;0.00680
10.1775760000;57.9726650000;0.24093;2.06519;1.72274;9.30000;0.13985;1483.85828;0.03150;1.69261;0.04852;0.00652
10.1769550000;57.9701010000;0.24093;1.99165;1.66139;9.30000;0.13245;1490.55115;0.03780;1.62345;0.03355;0.00651
10.1763330000;57.9675360000;0.21030;1.78636;1.85232;8.70000;0.13610;1497.24414;0.03150;1.69261;0.03071;0.00676
10.1757110000;57.9649720000;0.19207;1.60223;1.66139;9.90000;0.13610;1443.70081;0.03780;1.49349;0.03523;0.00619
10.1750900000;57.9624070000;0.21030;1.78636;1.60223;9.90000;0.13610;1457.08667;0.04409;1.62345;0.04066;0.00641
10.1744680000;57.9598420000;0.24093;1.92072;1.78636;9.90000;0.13610;1437.00793;0.03150;1.69261;0.03268;0.00692
10.1738460000;57.9572780000;0.17543;1.54517;1.85232;10.50000;0.13610;1430.31494;0.03780;1.43246;0.07236;0.00790
10.1732250000;57.9547130000;0.25210;2.06519;2.14145;10.20000;0.14767;1430.31494;0.03150;1.76472;0.02915;0.00755
10.1726030000;57.9521490000;0.24093;2.14145;1.78636;9.60000;0.14371;1463.77954;0.03780;1.83990;0.03666;0.00670
10.1719820000;57.9495840000;0.23025;1.92072;1.78636;9.90000;0.13245;1437.00793;0.03150;1.62345;0.02975;0.00757
10.1713600000;57.9470200000;0.18356;1.66139;1.54517;10.50000;0.13985;1437.00793;0.03780;1.62345;0.06034;0.00676
10.1804130000;57.9437800000;0.22005;1.72274;1.66139;9.90000;0.13610;1450.39368;0.03780;1.62345;0.04223;0.00670
10.1797910000;57.9412160000;0.17543;1.54517;1.54517;9.90000;0.12544;1457.08667;0.04409;1.49349;0.05676;0.00709
10.1791690000;57.9386510000;0.18356;1.60223;1.85232;9.60000;0.14371;1470.47241;0.04409;1.62345;0.05352;0.00735
10.1785470000;57.9360870000;0.19207;1.60223;1.78636;9.90000;0.14371;1470.47241;0.03780;1.62345;0.06546;0.00742
10.1779250000;57.9335220000;0.17543;1.49014;1.85232;9.30000;0.13610;1483.85828;0.04409;1.43246;0.03282;0.00755
10.1773030000;57.9309570000;0.22005;1.85232;1.85232;9.60000;0.13610;1483.85828;0.04409;1.76472;0.06560;0.00763
10.1766810000;57.9283930000;0.23025;1.92072;1.60223;9.60000;0.12890;1477.16541;0.04409;1.83990;0.06088;0.00751
10.1857190000;57.9251530000;0.20098;1.60223;1.78636;9.60000;0.13610;1470.47241;0.03780;1.55711;0.04345;0.00723
10.1850970000;57.9225890000;0.20098;1.66139;1.85232;9.30000;0.13610;1477.16541;0.03780;1.76472;0.05163;0.00778
10.1844750000;57.9200240000;0.21030;1.72274;1.66139;9.30000;0.12890;1477.16541;0.03780;1.62345;0.05779;0.00716
10.1838520000;57.9174600000;0.21030;1.72274;1.78636;9.60000;0.13245;1477.16541;0.04409;1.76472;0.04108;0.00778
10.1832290000;57.9148930000;0.23025;1.99165;1.66139;10.20000;0.12890;1450.39368;0.03780;1.91828;0.05600;0.00741
10.1826070000;57.9123280000;0.18356;1.49014;1.72274;10.50000;0.14371;1403.54333;0.03780;1.43246;0.04418;0.00711
10.1819840000;57.9097630000;0.22005;1.72274;1.72274;10.80000;0.13245;1390.15747;0.03780;1.62345;0.05819;0.00753
10.1813610000;57.9071980000;0.22005;1.72274;1.72274;10.50000;0.13985;1403.54333;0.03780;1.69261;0.03987;0.00709
10.1903860000;57.9039580000;0.25210;1.99165;1.54517;10.20000;0.13610;1437.00793;0.03780;1.83990;0.03763;0.00663
10.1897620000;57.9013930000;0.18356;1.43708;1.54517;10.20000;0.13245;1423.62207;0.03780;1.37393;0.05332;0.00681
10.1891390000;57.8988290000;0.19207;1.43708;1.54517;10.50000;0.12544;1457.08667;0.03780;1.49349;0.06107;0.00842
10.1885160000;57.8962640000;0.20098;1.66139;1.60223;10.80000;0.12544;1437.00793;0.03780;1.69261;0.06314;0.00824
10.1878930000;57.8936990000;0.19207;1.43708;1.43708;11.10000;0.12207;1383.46460;0.04409;1.43246;0.05195;0.00750
10.1872700000;57.8911340000;0.18356;1.38590;1.72274;11.10000;0.13245;1383.46460;0.04409;1.37393;0.04455;0.00789
10.1866470000;57.8885690000;0.19207;1.49014;1.66139;11.10000;0.13610;1376.77173;0.04409;1.43246;0.05959;0.00721
10.1956590000;57.8853290000;0.18356;1.43708;1.60223;10.50000;0.12544;1450.39368;0.03780;1.49349;0.06675;0.00887
10.1950350000;57.8827640000;0.19207;1.43708;1.49014;10.20000;0.12890;1450.39368;0.04409;1.37393;0.05211;0.00717
10.1944120000;57.8801990000;0.18356;1.43708;1.66139;10.80000;0.12890;1403.54333;0.03780;1.49349;0.05515;0.00763
10.1937880000;57.8776340000;0.19207;1.33655;1.66139;10.80000;0.12890;1390.15747;0.03780;1.31779;0.05441;0.00748
10.1931640000;57.8750690000;0.19207;1.49014;1.66139;11.10000;0.13610;1383.46460;0.04409;1.55711;0.04186;0.00764
10.1925410000;57.8725050000;0.21030;1.60223;1.78636;11.10000;0.13245;1383.46460;0.04409;1.55711;0.06017;0.00775
10.1919170000;57.8699400000;0.17543;1.33655;1.60223;11.40000;0.12544;1356.69287;0.03780;1.31779;0.05373;0.00706
10.1912940000;57.8673750000;0.19207;1.43708;1.72274;11.10000;0.13985;1363.38586;0.03150;1.37393;0.06267;0.00710
10.2002890000;57.8641340000;0.21030;1.60223;1.72274;11.10000;0.12890;1370.07874;0.04409;1.62345;0.04313;0.00758
10.1996650000;57.8615700000;0.17543;1.28895;1.49014;11.10000;0.12207;1396.85046;0.04409;1.26394;0.05111;0.00745
10.1990410000;57.8590050000;0.19207;1.43708;1.72274;11.40000;0.13245;1370.07874;0.04409;1.43246;0.03620;0.00824
10.1984170000;57.8564400000;0.22005;1.66139;1.66139;11.70000;0.12890;1356.69287;0.04409;1.62345;0.03783;0.00795
10.1977930000;57.8538730000;0.20098;1.49014;1.72274;12.30000;0.13245;1329.92126;0.03780;1.49349;0.04117;0.00810
10.1971690000;57.8513080000;0.19207;1.38590;1.60223;11.70000;0.12544;1343.30713;0.04409;1.43246;0.05504;0.00829
10.1965460000;57.8487420000;0.19207;1.38590;1.72274;11.40000;0.13245;1383.46460;0.03780;1.43246;0.06311;0.00850
10.2055300000;57.8455010000;0.19207;1.33655;1.72274;10.80000;0.13245;1396.85046;0.03780;1.37393;0.05745;0.00792
10.2049060000;57.8429360000;0.18356;1.38590;1.66139;10.50000;0.12890;1403.54333;0.03780;1.43246;0.04042;0.00808
10.2042820000;57.8403710000;0.20098;1.38590;1.72274;10.50000;0.13245;1403.54333;0.03780;1.49349;0.03476;0.00834
10.2036590000;57.8378060000;0.19207;1.33655;1.72274;10.20000;0.13245;1423.62207;0.03780;1.37393;0.03724;0.00833
10.2030350000;57.8352410000;0.19207;1.38590;1.85232;10.20000;0.13610;1430.31494;0.03780;1.43246;0.03076;0.00864
10.2024110000;57.8326750000;0.19207;1.38590;1.60223;10.20000;0.12544;1437.00793;0.04409;1.49349;0.05782;0.00880
10.2017880000;57.8301100000;0.18356;1.28895;1.72274;10.20000;0.13245;1443.70081;0.04409;1.37393;0.04410;0.00807
10.2011640000;57.8275450000;0.18356;1.38590;1.54517;9.60000;0.12544;1470.47241;0.04409;1.49349;0.05013;0.00821
10.2101330000;57.8243040000;0.19207;1.28895;1.66139;9.60000;0.12890;1477.16541;0.03780;1.37393;0.02959;0.00835
10.2095090000;57.8217390000;0.20098;1.43708;1.78636;9.90000;0.13985;1450.39368;0.03780;1.55711;0.04453;0.00822
10.1992930000;57.8198500000;0.23025;1.72274;1.72274;9.90000;0.13610;1457.08667;0.03780;1.76472;0.03681;0.00760
10.1986700000;57.8172840000;0.19207;1.38590;1.66139;9.90000;0.12890;1450.39368;0.03780;1.37393;0.05546;0.00784
10.2076360000;57.8140430000;0.17543;1.24305;1.43708;9.90000;0.11880;1470.47241;0.03780;1.26394;0.04986;0.00785
10.2070120000;57.8114780000;0.21030;1.60223;1.78636;9.90000;0.13245;1457.08667;0.04409;1.69261;0.04005;0.00758
10.2063880000;57.8089130000;0.23025;1.72274;1.92072;9.90000;0.15174;1457.08667;0.04409;1.69261;0.04089;0.00739
10.2057640000;57.8063470000;0.18356;1.33655;1.99165;9.90000;0.13985;1450.39368;0.04409;1.37393;0.03922;0.00795
10.2051400000;57.8037820000;0.19207;1.49014;1.72274;9.90000;0.13245;1457.08667;0.03780;1.49349;0.03844;0.00720
10.2045160000;57.8012170000;0.19207;1.38590;1.66139;9.90000;0.13245;1450.39368;0.03780;1.37393;0.03337;0.00686
10.2038920000;57.7986520000;0.19207;1.43708;1.72274;10.20000;0.13245;1437.00793;0.04409;1.43246;0.05614;0.00723
10.2128440000;57.7954080000;0.19207;1.43708;1.66139;10.80000;0.12890;1410.23621;0.04409;1.49349;0.03926;0.00699
10.2122180000;57.7928430000;0.20098;1.49014;1.92072;10.80000;0.13985;1403.54333;0.04409;1.49349;0.03849;0.00717
10.2115930000;57.7902770000;0.22005;1.72274;1.85232;9.90000;0.14371;1450.39368;0.04409;1.62345;0.03714;0.00658
10.2109680000;57.7877120000;0.20098;1.38590;1.78636;9.60000;0.13245;1457.08667;0.03780;1.31779;0.03372;0.00691
10.2103420000;57.7851460000;0.20098;1.43708;1.85232;9.60000;0.13985;1477.16541;0.03780;1.43246;0.02146;0.00663
10.2097170000;57.7825810000;0.21030;1.54517;2.14145;9.00000;0.14371;1503.93701;0.03780;1.43246;0.03205;0.00730
10.2090920000;57.7800160000;0.18356;1.33655;1.66139;9.30000;0.13610;1510.62988;0.04409;1.26394;0.03644;0.00680
10.2084670000;57.7774500000;0.22005;1.54517;1.72274;9.60000;0.13985;1477.16541;0.04409;1.43246;0.01511;0.00665
10.2174070000;57.7742080000;0.19207;1.38590;1.92072;9.60000;0.13985;1483.85828;0.04409;1.31779;0.02649;0.00722
10.2167820000;57.7716420000;0.18356;1.33655;1.92072;9.00000;0.14767;1503.93701;0.04409;1.37393;0.04105;0.00735
10.2161560000;57.7690770000;0.20098;1.43708;1.85232;9.60000;0.13610;1463.77954;0.04409;1.37393;0.02780;0.00708
10.2155300000;57.7665120000;0.18356;1.24305;1.85232;9.60000;0.13610;1470.47241;0.05039;1.16276;0.02407;0.00752
10.2149050000;57.7639460000;0.18356;1.19878;1.85232;10.20000;0.13610;1443.70081;0.04409;1.16276;0.01440;0.00729
10.2142790000;57.7613810000;0.19207;1.28895;1.78636;9.90000;0.13985;1457.08667;0.04409;1.26394;0.02793;0.00699
10.2136530000;57.7588150000;0.18356;1.19878;1.66139;10.20000;0.12890;1450.39368;0.05039;1.16276;0.02337;0.00762
10.2225750000;57.7555730000;0.18356;1.19878;1.60223;9.60000;0.12890;1477.16541;0.04409;1.11525;0.00531;0.00638
10.2219490000;57.7530080000;0.18356;1.28895;1.72274;9.60000;0.13985;1477.16541;0.04409;1.26394;0.02927;0.00726
10.2213230000;57.7504420000;0.18356;1.24305;1.99165;9.60000;0.14371;1470.47241;0.04409;1.21230;0.02738;0.00772
10.2206970000;57.7478770000;0.18356;1.24305;1.66139;10.50000;0.12890;1443.70081;0.04409;1.21230;Invalid pos.;0.00000
10.2200710000;57.7453110000;0.18356;1.24305;1.78636;10.20000;0.13245;1437.00793;0.05039;1.21230;Invalid pos.;0.00000
10.2194450000;57.7427460000;0.17543;1.15609;1.38590;10.50000;0.12544;1416.92920;0.03780;1.06968;Invalid pos.;0.00000
10.2188190000;57.7401800000;0.17543;1.19878;1.49014;10.20000;0.12207;1463.77954;0.03780;1.16276;Invalid pos.;0.00000
10.2181930000;57.7376150000;0.18356;1.28895;1.43708;10.80000;0.12544;1416.92920;0.05039;1.21230;Invalid pos.;0.00000
10.2271040000;57.7343700000;0.17543;1.15609;1.54517;11.10000;0.12544;1370.07874;0.03780;1.11525;Invalid pos.;0.00000
10.2264770000;57.7318040000;0.17543;1.15609;1.78636;11.40000;0.13245;1363.38586;0.05039;1.06968;Invalid pos.;0.00000
10.2258510000;57.7292390000;0.18356;1.28895;1.72274;11.40000;0.13245;1390.15747;0.04409;1.21230;Invalid pos.;0.00000
10.2252250000;57.7266730000;0.17543;1.19878;1.72274;10.80000;0.13985;1390.15747;0.04409;1.11525;Invalid pos.;Invalid pos.
10.2245980000;57.7241080000;0.16765;1.11492;1.66139;11.10000;0.12890;1410.23621;0.04409;1.02597;Invalid pos.;0.00000
10.2239720000;57.7215420000;0.19207;1.33655;1.66139;10.80000;0.12890;1390.15747;0.03780;1.26394;Invalid pos.;Invalid pos.
10.2233460000;57.7189770000;0.17543;1.15609;1.78636;11.10000;0.13610;1383.46460;0.05039;1.06968;Invalid pos.;0.00000
10.2322430000;57.7157340000;0.16765;1.28895;1.85232;12.00000;0.13610;1363.38586;0.04409;1.16276;Invalid pos.;0.00000
10.2316170000;57.7131680000;0.16765;1.28895;1.78636;12.00000;0.13245;1363.38586;0.04409;1.16276;Invalid pos.;0.00000
10.2309900000;57.7106020000;0.16765;1.28895;1.78636;11.40000;0.13245;1383.46460;0.04409;1.16276;Invalid pos.;0.00000
10.2303630000;57.7080370000;0.20098;1.49014;1.78636;11.70000;0.14767;1390.15747;0.04409;1.31779;Invalid pos.;0.00000
10.2297360000;57.7054710000;0.16022;1.19878;1.72274;10.80000;0.13245;1403.54333;0.05039;1.02597;Invalid pos.;0.00000
10.2291100000;57.7029060000;0.17543;1.28895;1.85232;10.80000;0.13985;1423.62207;0.05039;1.16276;Invalid pos.;0.00000
10.2284830000;57.7003400000;0.16022;1.28895;1.72274;11.10000;0.13610;1416.92920;0.04409;1.16276;Invalid pos.;0.00000
10.2278560000;57.6977740000;0.16022;1.19878;1.92072;11.10000;0.15592;1396.85046;0.05039;1.02597;Invalid pos.;0.00000
10.2367370000;57.6945320000;0.16022;1.19878;2.14145;10.50000;0.14371;1430.31494;0.05039;1.02597;Invalid pos.;Invalid pos.
10.2361090000;57.6919660000;0.16022;1.24305;2.06519;11.10000;0.14371;1403.54333;0.05039;1.06968;Invalid pos.;0.00000
10.2354820000;57.6894000000;0.16765;1.24305;2.06519;10.80000;0.14767;1437.00793;0.04409;1.06968;Invalid pos.;0.00000
10.2348550000;57.6868350000;0.16765;1.38590;2.47572;10.50000;0.17384;1410.23621;0.05039;1.21230;Invalid pos.;Invalid pos.
10.2342280000;57.6842690000;0.16765;1.33655;2.30253;11.40000;0.17384;1376.77173;0.05669;1.16276;Invalid pos.;0.00000
10.2336010000;57.6817030000;0.15312;1.24305;2.06519;11.10000;0.15592;1403.54333;0.05669;1.02597;Invalid pos.;0.00000
10.2329740000;57.6791380000;0.16022;1.33655;1.92072;10.50000;0.15174;1450.39368;0.05039;1.16276;Invalid pos.;0.00000
10.2323470000;57.6765720000;0.16022;1.28895;3.19107;11.10000;0.19382;1396.85046;0.06299;1.06968;Invalid pos.;Invalid pos.
10.2317200000;57.6740040000;0.16765;1.38590;2.86215;11.40000;0.19916;1383.46460;0.05669;1.16276;Invalid pos.;Invalid pos.
10.2310930000;57.6714390000;0.16022;1.28895;3.43110;10.20000;0.22817;1437.00793;0.05669;1.06968;Invalid pos.;Invalid pos.
10.2304660000;57.6688730000;0.15312;1.28895;2.86215;10.50000;0.22205;1416.92920;0.05669;1.06968;Invalid pos.;Invalid pos.
10.2393340000;57.6656300000;0.17543;1.38590;4.42251;10.50000;0.23447;1410.23621;0.05669;1.11525;Invalid pos.;Invalid pos.
10.2387070000;57.6630640000;0.16022;1.28895;4.26502;10.50000;0.23447;1437.00793;0.05669;1.02597;Invalid pos.;Invalid pos.
10.2380790000;57.6604990000;0.15312;1.28895;3.82540;10.50000;0.19916;1450.39368;0.05039;1.06968;Invalid pos.;0.00000
10.2374520000;57.6579330000;0.14634;1.24305;3.43110;11.10000;0.21610;1403.54333;0.05669;0.98405;Invalid pos.;Invalid pos.
10.2368250000;57.6553680000;0.16022;1.38590;4.75516;11.40000;0.29949;1390.15747;0.05669;1.11525;Invalid pos.;Invalid pos.
10.2361970000;57.6528020000;0.16022;1.38590;4.26502;12.60000;0.27602;1383.46460;0.05669;1.16276;Invalid pos.;Invalid pos.
10.2355700000;57.6502370000;0.19207;1.54517;8.80809;13.50000;0.35257;1416.92920;0.05039;0.98405;Invalid pos.;Invalid pos.
10.2349430000;57.6476710000;0.16022;1.33655;7.34754;13.50000;0.32495;1423.62207;0.06299;1.06968;Invalid pos.;Invalid pos.
10.2437940000;57.6444280000;0.17543;1.28895;8.49442;12.90000;0.36229;1383.46460;0.05669;1.06968;Invalid pos.;Invalid pos.
10.2431660000;57.6418620000;0.18356;1.33655;8.80809;13.80000;0.40392;1430.31494;0.04409;1.11525;Invalid pos.;Invalid pos.
10.2425390000;57.6392960000;0.22005;1.60223;7.34754;14.40000;0.36229;1463.77954;0.04409;1.26394;Invalid pos.;Invalid pos.
10.2419110000;57.6367310000;0.25210;1.85232;7.34754;14.70000;0.34311;1483.85828;0.04409;1.43246;Invalid pos.;Invalid pos.
10.2412830000;57.6341650000;0.23025;1.78636;8.80809;15.90000;0.38254;1503.93701;0.04409;1.55711;Invalid pos.;Invalid pos.
10.2406550000;57.6316000000;0.27602;2.06519;9.82033;16.20000;0.36229;1503.93701;0.04409;1.69261;Invalid pos.;Invalid pos.
10.2406550000;57.6316000000;0.27602;2.14145;9.82033;16.20000;0.37228;1503.93701;0.04409;1.69261;Invalid pos.;Invalid pos.
10.2305540000;57.6297120000;0.23025;1.72274;10.55898;16.50000;0.42650;1503.93701;0.04409;1.55711;Invalid pos.;Invalid pos.
10.2305540000;57.6297120000;0.23025;1.72274;10.55898;16.20000;0.42650;1503.93701;0.04409;1.55711;Invalid pos.;Invalid pos.
10.2210680000;57.6303900000;0.22005;1.72274;14.11258;15.60000;0.73475;1497.24414;0.05039;1.49349;Invalid pos.;Invalid pos.
10.2210680000;57.6303900000;0.22005;1.72274;14.63371;15.60000;0.73475;1497.24414;0.05039;1.49349;Invalid pos.;Invalid pos.
10.2204420000;57.6278240000;0.20098;1.54517;13.61000;16.50000;0.51594;1497.24414;0.05039;1.31779;Invalid pos.;Invalid pos.
10.2109530000;57.6285020000;0.18356;1.49014;25.21011;15.60000;0.96439;1503.93701;0.06299;1.21230;Invalid pos.;Invalid pos.
10.2109530000;57.6285020000;0.18356;1.49014;25.21011;14.40000;0.96439;1470.47241;0.06299;1.21230;Invalid pos.;Invalid pos.
10.2008280000;57.6266140000;0.22005;1.72274;36.22890;13.20000;0.91333;1396.85046;0.05669;1.37393;Invalid pos.;Invalid pos.
10.2008280000;57.6266140000;0.22005;1.72274;37.56671;12.00000;0.91333;1316.53540;0.05669;1.37393;Invalid pos.;Invalid pos.
10.1913190000;57.6272910000;0.18356;1.43708;25.21011;11.10000;0.93851;1370.07874;0.06299;1.16276;Invalid pos.;Invalid pos.
10.1913190000;57.6272910000;0.18356;1.43708;25.21011;11.40000;0.96439;1363.38586;0.06299;1.16276;Invalid pos.;Invalid pos.
10.1811820000;57.6254020000;0.20098;1.60223;31.33740;11.10000;2.12213;1363.38586;0.05039;1.26394;Invalid pos.;Invalid pos.
10.1811820000;57.6254020000;0.20098;1.60223;31.33740;11.70000;2.12213;1329.92126;0.05039;1.31779;Invalid pos.;Invalid pos.
10.1716560000;57.6260800000;0.22005;1.72274;64.71778;11.70000;2.43123;1323.22839;0.05039;1.21230;Invalid pos.;Invalid pos.
10.1710340000;57.6235140000;0.22005;1.66139;40.39236;12.00000;1.04637;1323.22839;0.05669;1.31779;Invalid pos.;Invalid pos.
10.1615040000;57.6241910000;0.20098;1.60223;55.97982;11.70000;1.01830;1350.00000;0.06929;1.21230;Invalid pos.;Invalid pos.
10.1615040000;57.6241910000;0.20098;1.60223;55.97982;11.70000;1.04637;1363.38586;0.06929;1.21230;Invalid pos.;Invalid pos.
10.1519650000;57.6248680000;0.20098;1.60223;41.88391;11.70000;2.30253;1356.69287;0.06929;1.21230;Invalid pos.;Invalid pos.
10.1513430000;57.6223000000;0.18356;1.49014;67.10759;12.60000;4.42251;1363.38586;0.06929;1.16276;Invalid pos.;Invalid pos.
10.1417960000;57.6229760000;0.25210;2.14145;58.04696;12.60000;1.13532;1390.15747;0.06929;1.37393;Invalid pos.;Invalid pos.
10.1417960000;57.6229760000;0.25210;2.14145;58.04696;12.90000;1.13532;1390.15747;0.06929;1.37393;Invalid pos.;Invalid pos.
10.1411750000;57.6204110000;0.20098;1.54517;100.00000;12.90000;2.78536;1396.85046;0.07559;1.16276;Invalid pos.;Invalid pos.
10.1316220000;57.6210870000;0.26379;2.22053;53.98629;12.30000;2.36601;1370.07874;0.06929;1.49349;Invalid pos.;Invalid pos.
10.1316220000;57.6210870000;0.26379;2.30253;53.98629;12.00000;2.36601;1350.00000;0.06929;1.49349;Invalid pos.;Invalid pos.
10.1220570000;57.6217640000;0.20098;1.66139;25.21011;11.10000;1.04637;1403.54333;0.06299;1.26394;Invalid pos.;Invalid pos.
10.1214370000;57.6191980000;0.18356;1.49014;58.04696;11.40000;2.00978;1383.46460;0.06929;1.21230;Invalid pos.;Invalid pos.
10.1118660000;57.6198750000;0.18356;1.54517;62.41307;11.10000;4.54444;1376.77173;0.06929;1.16276;Invalid pos.;Invalid pos.
10.1118660000;57.6198750000;0.18356;1.54517;62.41307;11.40000;4.66973;1370.07874;0.06929;1.16276;Invalid pos.;Invalid pos.
10.1016700000;57.6179850000;0.19207;1.49014;18.19041;12.60000;0.69586;1383.46460;0.06299;1.16276;Invalid pos.;Invalid pos.
10.1016700000;57.6179850000;0.19207;1.49014;18.19041;12.30000;0.69586;1376.77173;0.06299;1.16276;Invalid pos.;Invalid pos.
10.0920840000;57.6186610000;0.20098;1.54517;37.56671;11.70000;1.66139;1336.61414;0.06299;1.21230;Invalid pos.;Invalid pos.
10.0920840000;57.6186610000;0.20098;1.54517;38.95392;11.40000;1.66139;1350.00000;0.06299;1.21230;Invalid pos.;Invalid pos.
10.0818740000;57.6167710000;0.24093;1.92072;52.06375;11.10000;1.30069;1376.77173;0.06299;1.55711;Invalid pos.;Invalid pos.
10.0818740000;57.6167710000;0.25210;1.92072;52.06375;11.10000;1.30069;1383.46460;0.06299;1.55711;Invalid pos.;Invalid pos.
10.0722680000;57.6174470000;0.22005;1.78636;26.14104;10.80000;0.96439;1396.85046;0.06299;1.49349;Invalid pos.;Invalid pos.
10.0716510000;57.6148820000;0.25210;1.92072;30.22143;11.40000;0.88883;1370.07874;0.06929;1.62345;Invalid pos.;Invalid pos.
10.0716510000;57.6148820000;0.25210;1.92072;30.22143;11.70000;0.91333;1350.00000;0.06929;1.62345;Invalid pos.;Invalid pos.
10.0620410000;57.6155570000;0.26379;2.14145;16.91790;12.00000;0.75501;1336.61414;0.07559;1.76472;Invalid pos.;Invalid pos.
10.0620410000;57.6155570000;0.26379;2.14145;16.91790;12.30000;0.75501;1350.00000;0.07559;1.76472;Invalid pos.;Invalid pos.
10.0518070000;57.6136670000;0.24093;1.85232;16.91790;12.30000;0.81919;1363.38586;0.06929;1.62345;Invalid pos.;Invalid pos.
10.0518070000;57.6136670000;0.24093;1.85232;16.91790;12.00000;0.81919;1350.00000;0.06929;1.62345;Invalid pos.;Invalid pos.
10.0421820000;57.6143420000;0.24093;1.78636;18.19041;12.30000;0.62413;1356.69287;0.07559;1.49349;Invalid pos.;Invalid pos.
10.0415670000;57.6117760000;0.33089;2.66193;22.61157;12.60000;1.26579;1356.69287;0.06929;1.83990;Invalid pos.;Invalid pos.
10.0319340000;57.6124510000;0.30221;2.38755;24.31234;12.30000;1.01830;1350.00000;0.06929;1.83990;Invalid pos.;Invalid pos.
10.0319340000;57.6124510000;0.30221;2.38755;24.31234;12.30000;1.04637;1356.69287;0.06929;1.83990;Invalid pos.;Invalid pos.
10.0222900000;57.6131260000;0.26379;2.14145;30.22143;12.30000;1.10486;1329.92126;0.06299;1.76472;Invalid pos.;Invalid pos.
10.0216770000;57.6105610000;0.25210;2.22053;37.56671;11.40000;1.33655;1383.46460;0.06929;1.69261;Invalid pos.;Invalid pos.
10.0120260000;57.6112350000;0.30221;2.56714;27.10634;11.10000;1.04637;1403.54333;0.06929;1.83990;Invalid pos.;Invalid pos.
10.0120260000;57.6112350000;0.30221;2.56714;27.10634;10.80000;1.04637;1410.23621;0.06929;1.83990;Invalid pos.;Invalid pos.
10.0017550000;57.6093450000;0.22005;1.72274;62.41307;11.10000;2.24075;1390.15747;0.07559;1.43246;Invalid pos.;Invalid pos.
10.0017550000;57.6093450000;0.22005;1.72274;62.41307;11.10000;2.24075;1383.46460;0.07559;1.43246;Invalid pos.;Invalid pos.
10.0017550000;57.6093450000;0.22005;1.72274;62.41307;11.40000;2.24075;1370.07874;0.07559;1.43246;Invalid pos.;Invalid pos.
9.9920900000;57.6100190000;0.23025;1.78636;24.31234;11.40000;1.01830;1390.15747;0.06929;1.37393;Invalid pos.;Invalid pos.
9.9914790000;57.6074530000;0.26379;2.06519;58.04696;11.10000;1.10486;1396.85046;0.06929;1.49349;Invalid pos.;Invalid pos.
9.9818030000;57.6081270000;0.22005;1.72274;15.17408;11.10000;0.65902;1423.62207;0.05669;1.37393;Invalid pos.;Invalid pos.
9.9818030000;57.6081270000;0.22005;1.78636;15.17408;10.80000;0.67719;1430.31494;0.05669;1.37393;Invalid pos.;Invalid pos.
9.9715110000;57.6062360000;0.23025;1.72274;46.69725;10.80000;1.57344;1410.23621;0.07559;1.37393;Invalid pos.;Invalid pos.
9.9715110000;57.6062360000;0.23025;1.72274;48.42162;11.40000;1.57344;1376.77173;0.07559;1.37393;Invalid pos.;Invalid pos.
9.9618220000;57.6069100000;0.20098;1.54517;16.31543;11.70000;0.96439;1363.38586;0.06929;1.21230;Invalid pos.;Invalid pos.
9.9618220000;57.6069100000;0.20098;1.54517;16.31543;12.30000;0.96439;1363.38586;0.06929;1.21230;Invalid pos.;Invalid pos.
9.9515150000;57.6050180000;0.22005;1.72274;24.31234;13.20000;1.26579;1410.23621;0.07559;1.37393;Invalid pos.;Invalid pos.
9.9515150000;57.6050180000;0.22005;1.72274;25.21011;12.90000;1.26579;1390.15747;0.07559;1.37393;Invalid pos.;Invalid pos.
9.9418080000;57.6056910000;0.23025;1.92072;13.12533;12.60000;0.59109;1396.85046;0.05669;1.49349;Invalid pos.;Invalid pos.
9.9412010000;57.6031260000;0.26379;2.14145;69.58565;13.50000;2.00978;1403.54333;0.06299;1.55711;Invalid pos.;Invalid pos.
9.9314870000;57.6037990000;0.26379;2.06519;14.63371;13.50000;1.37339;1410.23621;0.06299;1.55711;Invalid pos.;Invalid pos.
9.9314870000;57.6037990000;0.26379;2.06519;15.17408;12.90000;1.37339;1390.15747;0.06299;1.62345;Invalid pos.;Invalid pos.
9.9314870000;57.6037990000;0.26379;2.06519;15.17408;12.60000;1.37339;1370.07874;0.06299;1.62345;Invalid pos.;Invalid pos.
9.9211580000;57.6019070000;0.37909;3.43110;29.14519;14.10000;1.26579;1443.70081;0.05669;1.83990;Invalid pos.;Invalid pos.
9.9211580000;57.6019070000;0.37909;3.43110;29.14519;13.50000;1.26579;1416.92920;0.05669;1.83990;Invalid pos.;Invalid pos.
9.9114260000;57.6025800000;0.36229;3.19107;22.61157;13.50000;1.16662;1410.23621;0.05669;1.91828;Invalid pos.;Invalid pos.
9.9108210000;57.6000150000;0.37909;3.55780;16.91790;15.30000;1.07522;1497.24414;0.05039;2.00000;Invalid pos.;Invalid pos.
9.9010800000;57.6006880000;0.36229;3.68917;22.61157;15.30000;1.01830;1497.24414;0.05039;1.91828;Invalid pos.;Invalid pos.
9.9010800000;57.6006880000;0.36229;3.68917;23.44654;15.00000;1.01830;1497.24414;0.05039;1.91828;Invalid pos.;Invalid pos.
9.8913330000;57.6013600000;0.37909;3.55780;14.63371;14.40000;0.84178;1457.08667;0.05039;1.91828;Invalid pos.;Invalid pos.
9.8907290000;57.5987950000;0.37909;3.68917;21.80633;15.30000;0.88883;1497.24414;0.04409;2.00000;Invalid pos.;Invalid pos.
9.8809720000;57.5994670000;0.27602;2.66193;16.91790;14.10000;0.93851;1443.70081;0.04409;2.08520;Invalid pos.;Invalid pos.
9.8809720000;57.5994670000;0.28882;2.66193;16.91790;13.80000;0.96439;1416.92920;0.04409;2.08520;Invalid pos.;Invalid pos.
9.8803700000;57.5969020000;0.34623;3.30891;13.61000;14.70000;0.64134;1483.85828;0.04409;2.00000;Invalid pos.;Invalid pos.
9.8706040000;57.5975740000;0.37909;3.82540;18.19041;14.10000;0.62413;1443.70081;0.04409;2.17404;Invalid pos.;Invalid pos.
9.8706040000;57.5975740000;0.37909;3.82540;18.19041;13.50000;0.62413;1410.23621;0.04409;2.17404;Invalid pos.;Invalid pos.
9.8608340000;57.5982460000;0.34623;3.19107;17.54262;13.20000;0.75501;1390.15747;0.04409;2.17404;Invalid pos.;Invalid pos.
9.8602330000;57.5956810000;0.33089;4.11314;26.14104;14.10000;1.07522;1437.00793;0.04409;2.08520;Invalid pos.;Invalid pos.
9.8504490000;57.5963530000;0.34623;3.82540;40.39236;12.90000;2.18063;1363.38586;0.05039;1.91828;Invalid pos.;Invalid pos.
9.8498480000;57.5937880000;0.33089;3.82540;69.58565;12.60000;3.36945;1350.00000;0.05039;2.08520;Invalid pos.;Invalid pos.
9.8394600000;57.5918940000;0.33089;3.96666;34.93873;12.30000;3.10546;1329.92126;0.05039;1.91828;Invalid pos.;Invalid pos.
9.8388600000;57.5893290000;0.30221;3.19107;72.15521;12.30000;3.55780;1323.22839;0.05039;2.00000;Invalid pos.;Invalid pos.
9.8290640000;57.5900010000;0.28882;2.86215;41.88391;12.00000;1.53123;1316.53540;0.05039;1.91828;Invalid pos.;Invalid pos.
9.8284650000;57.5874360000;0.31623;3.19107;32.49459;10.80000;1.57344;1396.85046;0.05669;2.00000;Invalid pos.;Invalid pos.
9.8278650000;57.5848680000;0.30221;2.96784;62.41307;11.10000;1.95586;1370.07874;0.05039;2.00000;Invalid pos.;Invalid pos.
9.8174630000;57.5829750000;0.28882;2.86215;58.04696;10.80000;1.80263;1396.85046;0.05039;2.08520;Invalid pos.;Invalid pos.
9.8168660000;57.5804100000;0.34623;3.96666;37.56671;11.10000;1.80263;1363.38586;0.04409;2.08520;Invalid pos.;Invalid pos.
9.8064590000;57.5785160000;0.33089;3.30891;50.20967;11.40000;1.57344;1350.00000;0.04409;1.91828;Invalid pos.;Invalid pos.
9.8058620000;57.5759510000;0.31623;3.19107;33.69450;11.40000;1.30069;1350.00000;0.04409;2.08520;Invalid pos.;Invalid pos.
9.7960440000;57.5766220000;0.26379;2.30253;18.19041;11.10000;0.84178;1356.69287;0.04409;1.76472;Invalid pos.;Invalid pos.
9.7954480000;57.5740570000;0.36229;3.96666;29.14519;11.10000;0.96439;1363.38586;0.04409;2.08520;Invalid pos.;Invalid pos.
9.7850250000;57.5721630000;0.30221;2.76023;28.10728;11.70000;0.84178;1323.22839;0.05039;2.17404;Invalid pos.;Invalid pos.
9.7844300000;57.5695970000;0.33089;3.19107;21.02978;11.40000;1.30069;1336.61414;0.04409;2.17404;Invalid pos.;Invalid pos.
9.7740020000;57.5677030000;0.34623;3.68917;22.61157;11.10000;0.93851;1356.69287;0.04409;1.91828;Invalid pos.;Invalid pos.
9.7734080000;57.5651380000;0.28882;2.96784;33.69450;10.80000;2.86215;1383.46460;0.05039;1.83990;Invalid pos.;Invalid pos.
9.7728130000;57.5625730000;0.28882;3.07744;46.69725;11.40000;3.86024;1356.69287;0.05039;1.83990;Invalid pos.;Invalid pos.
9.7629730000;57.5632440000;0.28882;3.07744;30.22143;11.40000;1.90339;1350.00000;0.05039;1.76472;Invalid pos.;Invalid pos.
9.7623790000;57.5606790000;0.31623;3.55780;46.69725;11.70000;2.30253;1343.30713;0.05039;1.69261;Invalid pos.;Invalid pos.
9.7519360000;57.5587840000;0.30221;3.30891;19.55864;12.00000;1.66139;1323.22839;0.05039;1.69261;Invalid pos.;Invalid pos.
9.7513430000;57.5562190000;0.30221;3.30891;34.93873;12.00000;1.33655;1309.84253;0.04409;1.49349;Invalid pos.;Invalid pos.
9.7408980000;57.5543240000;0.28882;3.19107;15.17408;12.90000;1.49014;1376.77173;0.04409;1.55711;Invalid pos.;Invalid pos.
9.7403060000;57.5517590000;0.26379;2.56714;45.03429;12.30000;2.12213;1329.92126;0.05039;1.69261;Invalid pos.;Invalid pos.
9.7298480000;57.5498640000;0.28882;3.07744;16.31543;11.70000;1.75426;1336.61414;0.04409;1.62345;Invalid pos.;Invalid pos.
9.7298480000;57.5498640000;0.28882;3.19107;16.91790;11.10000;1.80263;1370.07874;0.04409;1.62345;Invalid pos.;Invalid pos.
9.7193890000;57.5479690000;0.30221;3.43110;16.31543;11.40000;1.07522;1356.69287;0.05039;1.76472;Invalid pos.;Invalid pos.
9.7187990000;57.5454040000;0.30221;3.19107;21.02978;11.70000;0.86498;1329.92126;0.04409;1.43246;Invalid pos.;Invalid pos.
9.7083270000;57.5435090000;0.31623;3.43110;18.19041;12.00000;1.01830;1316.53540;0.04409;1.62345;Invalid pos.;Invalid pos.
9.7077370000;57.5409440000;0.27602;2.76023;20.28087;12.00000;1.61682;1323.22839;0.05039;1.69261;Invalid pos.;Invalid pos.
9.7071480000;57.5383790000;0.33089;3.55780;26.14104;12.00000;1.41126;1323.22839;0.04409;1.69261;Invalid pos.;Invalid pos.
9.6966750000;57.5364830000;0.31623;3.55780;21.80633;12.60000;1.04637;1356.69287;0.05039;1.83990;Invalid pos.;Invalid pos.
9.6966750000;57.5364830000;0.31623;3.55780;21.80633;12.60000;1.04637;1350.00000;0.05039;1.83990;Invalid pos.;Invalid pos.
9.6861900000;57.5345860000;0.31623;3.55780;20.28087;12.00000;0.84178;1316.53540;0.04409;1.69261;Invalid pos.;Invalid pos.
9.6856010000;57.5320210000;0.34623;3.68917;27.10634;12.30000;1.19878;1329.92126;0.04409;1.76472;Invalid pos.;Invalid pos.
9.6751130000;57.5301260000;0.30221;3.19107;23.44654;11.10000;0.86498;1363.38586;0.05039;2.00000;Invalid pos.;Invalid pos.
9.6745250000;57.5275610000;0.28882;2.96784;15.73441;11.70000;0.64134;1363.38586;0.06299;2.17404;Invalid pos.;Invalid pos.
9.6640270000;57.5256650000;0.30221;3.07744;16.31543;12.00000;0.81919;1316.53540;0.04409;2.00000;Invalid pos.;Invalid pos.
9.6634400000;57.5231010000;0.34623;3.55780;18.19041;11.70000;0.69586;1323.22839;0.04409;1.83990;Invalid pos.;Invalid pos.
9.6529420000;57.5212050000;0.31623;3.19107;18.19041;11.10000;0.81919;1363.38586;0.04409;1.76472;Invalid pos.;Invalid pos.
9.6529420000;57.5212050000;0.31623;3.19107;18.86212;11.40000;0.81919;1343.30713;0.04409;1.76472;Invalid pos.;Invalid pos.
9.6523550000;57.5186400000;0.33089;3.82540;21.02978;11.40000;0.86498;1350.00000;0.05039;1.91828;Invalid pos.;Invalid pos.
9.6418410000;57.5167440000;0.30221;3.55780;18.19041;11.40000;0.79721;1356.69287;0.05039;1.62345;Invalid pos.;Invalid pos.
9.6412560000;57.5141800000;0.28882;3.07744;18.86212;11.70000;0.93851;1336.61414;0.04409;1.69261;Invalid pos.;Invalid pos.
9.6307420000;57.5122830000;0.28882;3.68917;27.10634;11.40000;0.91333;1370.07874;0.05669;1.76472;Invalid pos.;Invalid pos.
9.6301570000;57.5097190000;0.28882;3.43110;27.10634;11.40000;1.01830;1363.38586;0.04409;1.55711;Invalid pos.;Invalid pos.
9.6196310000;57.5078230000;0.28882;3.30891;15.73441;10.80000;0.81919;1390.15747;0.04409;1.43246;Invalid pos.;Invalid pos.
9.6196310000;57.5078230000;0.28882;3.30891;15.73441;10.50000;0.81919;1396.85046;0.04409;1.43246;Invalid pos.;Invalid pos.
9.6091010000;57.5059260000;0.28882;3.43110;25.21011;10.80000;1.70720;1396.85046;0.04409;1.55711;Invalid pos.;Invalid pos.
9.6085180000;57.5033620000;0.26379;3.30891;15.73441;10.50000;2.24075;1416.92920;0.04409;1.55711;Invalid pos.;Invalid pos.
9.6079340000;57.5007970000;0.28882;3.55780;24.31234;10.20000;1.16662;1423.62207;0.04409;1.55711;Invalid pos.;Invalid pos.
9.5973950000;57.4989010000;0.26379;2.86215;24.31234;10.20000;0.93851;1423.62207;0.04409;1.37393;Invalid pos.;Invalid pos.
9.5968120000;57.4963360000;0.27602;3.55780;15.73441;10.20000;1.23183;1423.62207;0.05039;1.69261;Invalid pos.;Invalid pos.
9.5862700000;57.4944390000;0.27602;3.55780;14.63371;10.80000;0.79721;1396.85046;0.05039;1.69261;Invalid pos.;Invalid pos.
9.5862700000;57.4944390000;0.27602;3.55780;14.63371;11.40000;0.81919;1356.69287;0.05039;1.69261;Invalid pos.;Invalid pos.
9.5757190000;57.4925420000;0.28882;3.55780;9.13335;11.10000;0.50210;1383.46460;0.05669;1.76472;Invalid pos.;Invalid pos.
9.5751380000;57.4899780000;0.30221;3.30891;10.94889;11.10000;0.67719;1383.46460;0.04409;1.55711;Invalid pos.;Invalid pos.
9.5645800000;57.4880800000;0.28882;3.30891;11.77243;10.80000;0.67719;1383.46460;0.04409;1.49349;Invalid pos.;Invalid pos.
9.5639990000;57.4855160000;0.28882;3.43110;14.63371;11.70000;0.79721;1343.30713;0.05039;1.55711;Invalid pos.;Invalid pos.
9.5634180000;57.4829490000;0.26379;3.30891;11.77243;11.70000;1.26579;1329.92126;0.04409;1.55711;Invalid pos.;Invalid pos.
9.5528540000;57.4810520000;0.26379;3.30891;13.12533;11.40000;0.65902;1363.38586;0.05669;1.69261;Invalid pos.;Invalid pos.
9.5528540000;57.4810520000;0.26379;3.30891;13.12533;11.40000;0.65902;1370.07874;0.05669;1.69261;Invalid pos.;Invalid pos.
9.5422800000;57.4791540000;0.24093;2.96784;22.61157;11.40000;0.71504;1343.30713;0.04409;1.37393;Invalid pos.;Invalid pos.
9.5417000000;57.4765890000;0.28882;3.07744;8.19192;10.80000;0.55980;1416.92920;0.05669;1.37393;Invalid pos.;Invalid pos.
9.5311200000;57.4746910000;0.27602;3.30891;13.61000;10.80000;0.65902;1383.46460;0.04409;1.49349;Invalid pos.;Invalid pos.
9.5305410000;57.4721270000;0.28882;3.43110;7.90019;10.20000;0.46276;1416.92920;0.04409;1.55711;Invalid pos.;Invalid pos.
9.5199580000;57.4702290000;0.25210;3.30891;14.63371;10.50000;0.73475;1416.92920;0.04409;1.49349;Invalid pos.;Invalid pos.
9.5193800000;57.4676640000;0.26379;3.43110;10.18296;10.20000;0.65902;1443.70081;0.05039;1.62345;Invalid pos.;Invalid pos.
9.5193800000;57.4676640000;0.26379;3.43110;10.18296;10.20000;0.65902;1430.31494;0.05039;1.62345;Invalid pos.;Invalid pos.
9.5087840000;57.4657660000;0.27602;3.30891;8.19192;10.20000;0.84178;1430.31494;0.03780;1.43246;Invalid pos.;Invalid pos.
9.5082070000;57.4632010000;0.26379;3.96666;18.19041;10.20000;1.33655;1443.70081;0.05039;1.76472;Invalid pos.;Invalid pos.
9.4976100000;57.4613020000;0.26379;3.82540;21.02978;9.90000;1.13532;1450.39368;0.05039;1.62345;Invalid pos.;Invalid pos.
9.4970340000;57.4587380000;0.24093;3.68917;41.88391;10.20000;1.80263;1430.31494;0.04409;1.55711;Invalid pos.;Invalid pos.
9.4864250000;57.4568390000;0.27602;3.68917;11.35320;10.20000;0.51594;1450.39368;0.05039;1.69261;Invalid pos.;Invalid pos.
9.4858490000;57.4542750000;0.26379;3.68917;26.14104;9.90000;1.33655;1450.39368;0.04409;1.62345;Invalid pos.;Invalid pos.
9.4752370000;57.4523760000;0.23025;3.96666;22.61157;9.90000;2.06519;1443.70081;0.04409;1.83990;Invalid pos.;Invalid pos.
9.4746610000;57.4498110000;0.24093;3.82540;24.31234;9.90000;1.37339;1450.39368;0.04409;1.62345;Invalid pos.;Invalid pos.
9.4640390000;57.4479120000;0.26379;3.96666;15.17408;9.00000;1.33655;1497.24414;0.03780;1.69261;Invalid pos.;Invalid pos.
9.4634650000;57.4453480000;0.26379;3.82540;26.14104;9.00000;1.80263;1490.55115;0.04409;1.62345;Invalid pos.;Invalid pos.
9.4628900000;57.4427830000;0.23025;4.11314;24.31234;9.00000;2.24075;1503.93701;0.04409;2.00000;Invalid pos.;Invalid pos.
9.4522660000;57.4408840000;0.24093;3.96666;33.69450;9.60000;3.02214;1463.77954;0.04409;1.76472;Invalid pos.;Invalid pos.
9.4516920000;57.4383190000;0.23025;4.11314;14.63371;10.20000;0.69586;1457.08667;0.05039;1.91828;Invalid pos.;Invalid pos.
9.4410550000;57.4364200000;0.26379;3.43110;9.82033;9.90000;0.84178;1463.77954;0.05039;1.37393;Invalid pos.;Invalid pos.
9.4404810000;57.4338530000;0.24093;3.82540;25.21011;9.30000;0.84178;1470.47241;0.03780;1.69261;Invalid pos.;Invalid pos.
9.4298430000;57.4319540000;0.20098;3.96666;13.12533;9.30000;1.13532;1483.85828;0.04409;1.91828;Invalid pos.;Invalid pos.
9.4292710000;57.4293890000;0.25210;3.43110;19.55864;8.70000;0.84178;1510.62988;0.05039;1.49349;Invalid pos.;Invalid pos.
9.4186210000;57.4274900000;0.26379;3.43110;9.13335;8.40000;0.67719;1503.93701;0.03780;1.55711;Invalid pos.;Invalid pos.
9.4180500000;57.4249250000;0.25210;3.68917;8.80809;9.00000;0.65902;1497.24414;0.03780;1.62345;Invalid pos.;Invalid pos.
9.4174780000;57.4223610000;0.24093;3.55780;10.94889;9.30000;0.46276;1477.16541;0.04409;1.55711;Invalid pos.;Invalid pos.
9.4169060000;57.4197960000;0.25210;2.96784;10.18296;9.00000;1.01830;1503.93701;0.04409;1.16276;Invalid pos.;Invalid pos.
9.4062530000;57.4178970000;0.21030;3.30891;17.54262;9.30000;1.45016;1483.85828;0.03780;1.26394;Invalid pos.;Invalid pos.
9.4056820000;57.4153320000;0.24093;3.68917;19.55864;9.30000;9.73171;1490.55115;0.04409;1.49349;Invalid pos.;Invalid pos.
9.3950240000;57.4134320000;0.21030;3.43110;8.19192;9.00000;0.45034;1517.32288;0.04409;1.55711;Invalid pos.;Invalid pos.
9.3944540000;57.4108680000;0.24093;2.76023;12.65792;9.30000;0.41506;1510.62988;0.04409;1.62345;Invalid pos.;Invalid pos.
9.3837850000;57.4089680000;0.25210;3.30891;16.31543;9.60000;1.19878;1463.77954;0.04409;1.31779;Invalid pos.;Invalid pos.
9.3832150000;57.4064030000;0.20098;3.68917;50.20967;9.30000;0.79721;1483.85828;0.04409;1.55711;Invalid pos.;Invalid pos.
9.3725410000;57.4045030000;0.22005;3.55780;13.12533;9.30000;0.67719;1497.24414;0.05039;1.55711;Invalid pos.;Invalid pos.
9.3719720000;57.4019380000;0.23025;3.55780;20.28087;9.00000;0.99098;1497.24414;0.04409;1.43246;Invalid pos.;Invalid pos.
9.3714040000;57.3993740000;0.20098;3.82540;13.12533;9.90000;0.75501;1457.08667;0.04409;1.76472;Invalid pos.;Invalid pos.
9.3607240000;57.3974730000;0.25210;3.07744;16.91790;9.90000;1.01830;1450.39368;0.03780;1.31779;Invalid pos.;Invalid pos.
9.3601560000;57.3949090000;0.22005;3.96666;11.35320;9.90000;0.69586;1463.77954;0.05039;1.83990;Invalid pos.;Invalid pos.
9.3494660000;57.3930080000;0.21030;3.82540;43.43054;9.60000;0.69586;1470.47241;0.04409;1.83990;Invalid pos.;Invalid pos.
9.3488990000;57.3904440000;0.20098;3.96666;12.65792;9.60000;0.55980;1477.16541;0.05039;2.00000;Invalid pos.;Invalid pos.
9.3382090000;57.3885430000;0.25210;3.30891;26.14104;9.60000;1.23183;1463.77954;0.04409;1.43246;Invalid pos.;Invalid pos.
9.3376420000;57.3859780000;0.22005;3.30891;14.63371;10.20000;0.59109;1437.00793;0.04409;1.31779;Invalid pos.;Invalid pos.
9.3269380000;57.3840780000;0.20098;3.82540;28.10728;9.90000;0.99098;1450.39368;0.04409;1.62345;Invalid pos.;Invalid pos.
9.3263730000;57.3815110000;0.24093;3.68917;18.86212;10.20000;2.18063;1443.70081;0.05039;1.55711;Invalid pos.;Invalid pos.
9.3258080000;57.3789460000;0.21030;3.68917;27.10634;9.60000;1.10486;1470.47241;0.03780;1.55711;Invalid pos.;Invalid pos.
9.3150990000;57.3770450000;0.20098;3.68917;45.03429;9.00000;3.19107;1503.93701;0.04409;1.55711;Invalid pos.;Invalid pos.
9.3145350000;57.3744800000;0.21030;3.43110;67.10759;8.70000;3.02214;1503.93701;0.04409;1.37393;Invalid pos.;Invalid pos.
9.3038210000;57.3725780000;0.17543;4.11314;14.11258;9.00000;0.81919;1524.01575;0.04409;2.79239;Invalid pos.;Invalid pos.
9.3032580000;57.3700130000;0.20098;3.68917;77.58250;9.00000;10.00000;1503.93701;0.04409;1.49349;Invalid pos.;Invalid pos.
9.2925360000;57.3681110000;0.18356;3.68917;11.35320;9.00000;0.91333;1517.32288;0.04409;1.55711;Invalid pos.;Invalid pos.
9.2919730000;57.3655470000;0.16765;3.82540;31.33740;9.00000;10.00000;1503.93701;0.04409;1.83990;Invalid pos.;Invalid pos.
9.2914110000;57.3629820000;0.16765;3.82540;100.00000;8.70000;6.12917;1503.93701;0.04409;1.91828;Invalid pos.;Invalid pos.
9.2806810000;57.3610800000;0.15312;3.96666;29.14519;8.70000;6.65020;1517.32288;0.05039;2.56886;Invalid pos.;Invalid pos.
9.2801200000;57.3585150000;0.14634;3.82540;100.00000;8.70000;10.00000;1503.93701;0.04409;2.26665;Invalid pos.;Invalid pos.
9.2795580000;57.3559500000;0.15312;3.96666;Invalid pos.;9.30000;10.00000;1483.85828;0.04409;2.56886;Invalid pos.;Invalid pos.
9.2688260000;57.3540480000;0.16022;3.55780;100.00000;9.30000;10.00000;1490.55115;0.04409;1.37393;Invalid pos.;Invalid pos.
9.2682650000;57.3514830000;0.15312;3.96666;100.00000;9.60000;10.00000;1470.47241;0.04409;2.79239;Invalid pos.;Invalid pos.
9.2575200000;57.3495810000;0.18356;4.11314;11.35320;9.30000;1.95586;1510.62988;0.04409;2.36322;Invalid pos.;Invalid pos.
9.2569600000;57.3470160000;0.17543;3.55780;100.00000;8.70000;10.00000;1503.93701;0.04409;1.37393;Invalid pos.;Invalid pos.
9.2462140000;57.3451130000;0.16022;3.96666;100.00000;8.40000;10.00000;1503.93701;0.04409;2.17404;Invalid pos.;Invalid pos.
9.2456540000;57.3425480000;0.19207;3.68917;Invalid pos.;7.80000;10.00000;1503.93701;0.03780;1.49349;Invalid pos.;Invalid pos.
9.2450950000;57.3399840000;0.16022;3.96666;50.20967;8.40000;10.00000;1517.32288;0.05039;2.36322;Invalid pos.;Invalid pos.
9.2343390000;57.3380810000;0.16765;4.11314;58.04696;8.70000;10.00000;1517.32288;0.05039;2.91135;Invalid pos.;Invalid pos.
9.2337830000;57.3355160000;0.16022;3.96666;60.19044;8.70000;2.30253;1517.32288;0.04409;2.46389;Invalid pos.;Invalid pos.
9.2230360000;57.3336120000;0.16022;3.96666;20.28087;8.10000;3.19107;1517.32288;0.05039;2.67829;Invalid pos.;Invalid pos.
9.2224800000;57.3310470000;0.16765;4.11314;100.00000;8.10000;10.00000;1510.62988;0.04409;2.56886;Invalid pos.;Invalid pos.
9.2117100000;57.3291410000;0.15312;3.96666;Invalid pos.;7.80000;10.00000;1503.93701;0.04409;2.36322;Invalid pos.;Invalid pos.
9.2111520000;57.3265770000;0.14634;3.96666;Invalid pos.;7.50000;10.00000;1503.93701;0.03780;2.67829;Invalid pos.;Invalid pos.
9.2105940000;57.3240120000;0.17543;4.11314;52.06375;7.20000;10.00000;1517.32288;0.05039;2.91135;Invalid pos.;Invalid pos.
9.2003730000;57.3246730000;0.15312;3.96666;100.00000;7.50000;10.00000;1517.32288;0.05039;2.56886;Invalid pos.;Invalid pos.
9.2009300000;57.3272380000;0.13365;3.96666;52.06375;8.10000;8.72861;1517.32288;0.05039;2.56886;Invalid pos.;Invalid pos.
9.1907020000;57.3278990000;0.19207;4.42251;100.00000;8.10000;Invalid pos.;1510.62988;0.05039;2.91135;Invalid pos.;Invalid pos.
9.1907020000;57.3278990000;0.19207;4.42251;100.00000;8.10000;Invalid pos.;1510.62988;0.05039;2.91135;Invalid pos.;Invalid pos.
9.1804590000;57.3285600000;0.16022;3.96666;36.22890;8.10000;2.94106;1517.32288;0.04409;2.26665;Invalid pos.;Invalid pos.
9.1810150000;57.3311240000;0.16022;3.82540;30.22143;8.40000;5.80470;1510.62988;0.05039;2.00000;Invalid pos.;Invalid pos.
9.1810150000;57.3311240000;0.16022;3.82540;30.22143;8.40000;5.96473;1517.32288;0.05039;2.00000;Invalid pos.;Invalid pos.
9.1707680000;57.3317840000;0.16022;3.68917;100.00000;8.40000;10.00000;1503.93701;0.04409;1.69261;Invalid pos.;Invalid pos.
9.1713230000;57.3343510000;0.14634;3.55780;100.00000;8.70000;10.00000;1503.93701;0.03780;1.37393;Invalid pos.;Invalid pos.
9.1610600000;57.3350110000;0.20098;3.07744;60.19044;8.40000;10.00000;1503.93701;0.04409;1.11525;Invalid pos.;Invalid pos.
9.1610600000;57.3350110000;0.20098;3.07744;62.41307;8.40000;10.00000;1503.93701;0.04409;1.11525;Invalid pos.;Invalid pos.
9.1513430000;57.3382360000;0.14634;3.96666;100.00000;8.10000;4.66973;1503.93701;0.04409;2.79239;Invalid pos.;Invalid pos.
9.1513430000;57.3382360000;0.14634;3.96666;100.00000;8.10000;4.79847;1503.93701;0.04409;2.79239;Invalid pos.;Invalid pos.
9.1410630000;57.3388950000;0.16022;3.96666;100.00000;8.10000;10.00000;1503.93701;0.03780;2.56886;Invalid pos.;Invalid pos.
9.1410630000;57.3388950000;0.16022;3.96666;100.00000;8.10000;10.00000;1503.93701;0.03780;2.56886;Invalid pos.;Invalid pos.
9.1416150000;57.3414600000;0.16765;4.11314;58.04696;8.40000;10.00000;1510.62988;0.04409;2.79239;Invalid pos.;Invalid pos.
9.1313230000;57.3421190000;0.19207;4.42251;50.20967;8.40000;10.00000;1503.93701;0.04409;3.44008;Invalid pos.;Invalid pos.
9.1313230000;57.3421190000;0.19207;4.42251;50.20967;8.40000;10.00000;1503.93701;0.04409;3.44008;Invalid pos.;Invalid pos.
9.1215770000;57.3453430000;0.21030;4.58582;50.20967;8.70000;4.54444;1510.62988;0.05039;3.29952;Invalid pos.;Invalid pos.
9.1215770000;57.3453430000;0.21030;4.58582;52.06375;8.40000;4.66973;1510.62988;0.05039;3.29952;Invalid pos.;Invalid pos.
9.1112660000;57.3460020000;0.20098;4.42251;7.90019;8.40000;1.04637;1524.01575;0.04409;3.44008;Invalid pos.;Invalid pos.
9.1112660000;57.3460020000;0.20098;4.42251;7.90019;8.40000;1.04637;1524.01575;0.04409;3.44008;Invalid pos.;Invalid pos.
9.1118150000;57.3485660000;0.23025;4.75516;28.10728;8.40000;10.00000;1517.32288;0.05039;3.16469;Invalid pos.;Invalid pos.
9.1014950000;57.3492240000;0.31623;5.49740;100.00000;8.40000;10.00000;1503.93701;0.04409;3.58663;Invalid pos.;Invalid pos.
9.1014950000;57.3492240000;0.31623;5.49740;100.00000;8.40000;10.00000;1503.93701;0.04409;3.58663;Invalid pos.;Invalid pos.
9.0917120000;57.3524470000;0.26379;4.93075;25.21011;8.40000;0.67719;1517.32288;0.04409;3.44008;Invalid pos.;Invalid pos.
9.0917120000;57.3524470000;0.26379;4.93075;25.21011;8.70000;0.67719;1517.32288;0.04409;3.44008;Invalid pos.;Invalid pos.
9.0813730000;57.3531050000;0.22005;4.75516;100.00000;8.70000;10.00000;1503.93701;0.03780;3.73943;Invalid pos.;Invalid pos.
9.0819200000;57.3556700000;0.22005;4.58582;100.00000;8.40000;10.00000;1503.93701;0.03780;3.58663;Invalid pos.;Invalid pos.
9.0819200000;57.3556700000;0.22005;4.58582;100.00000;8.40000;10.00000;1503.93701;0.03780;3.58663;Invalid pos.;Invalid pos.
9.0715710000;57.3563270000;0.25210;4.93075;72.15521;8.40000;2.00978;1503.93701;0.04409;3.29952;Invalid pos.;Invalid pos.
9.0715710000;57.3563270000;0.25210;4.93075;72.15521;8.40000;2.06519;1503.93701;0.04409;3.29952;Invalid pos.;Invalid pos.
9.0617530000;57.3595490000;0.26379;4.93075;Invalid pos.;8.70000;3.27905;1497.24414;0.03780;3.44008;Invalid pos.;Invalid pos.
9.0617530000;57.3595490000;0.26379;5.11283;Invalid pos.;9.00000;3.46234;1497.24414;0.03780;3.44008;Invalid pos.;Invalid pos.
9.0513840000;57.3602060000;0.30221;5.30163;26.14104;9.00000;2.43123;1510.62988;0.05039;3.89873;Invalid pos.;Invalid pos.
9.0519300000;57.3627710000;0.33089;5.49740;100.00000;9.00000;10.00000;1497.24414;0.04409;3.89873;Invalid pos.;Invalid pos.
9.0519300000;57.3627710000;0.33089;5.70040;100.00000;9.00000;10.00000;1503.93701;0.04409;4.06483;Invalid pos.;Invalid pos.
9.0415520000;57.3634280000;0.28882;5.11283;21.02978;9.00000;0.88883;1517.32288;0.04409;3.73943;Invalid pos.;Invalid pos.
9.0420960000;57.3659920000;0.30221;5.30163;36.22890;9.00000;4.66973;1510.62988;0.04409;4.06483;Invalid pos.;Invalid pos.
9.0317070000;57.3666480000;0.33089;5.49740;100.00000;8.70000;2.86215;1503.93701;0.04409;4.06483;Invalid pos.;Invalid pos.
9.0317070000;57.3666480000;0.33089;5.49740;100.00000;9.00000;2.94106;1503.93701;0.04409;4.06483;Invalid pos.;Invalid pos.
9.0213040000;57.3673050000;0.25210;4.93075;32.49459;9.00000;8.04474;1510.62988;0.04409;4.06483;Invalid pos.;Invalid pos.
9.0218480000;57.3698690000;0.19207;4.42251;100.00000;9.00000;10.00000;1490.55115;0.03780;3.44008;Invalid pos.;Invalid pos.
9.0218480000;57.3698690000;0.19207;4.42251;100.00000;9.00000;10.00000;1497.24414;0.03780;3.44008;Invalid pos.;Invalid pos.
9.0114360000;57.3705250000;0.30221;5.30163;27.10634;9.00000;1.53123;1510.62988;0.05039;3.73943;Invalid pos.;Invalid pos.
9.0119790000;57.3730890000;0.27602;5.11283;40.39236;8.70000;4.66973;1503.93701;0.03780;3.58663;Invalid pos.;Invalid pos.
9.0015570000;57.3737450000;0.25210;4.75516;100.00000;8.70000;3.19107;1503.93701;0.04409;3.29952;Invalid pos.;Invalid pos.
9.0015570000;57.3737450000;0.25210;4.75516;100.00000;8.40000;3.27905;1503.93701;0.04409;3.29952;Invalid pos.;Invalid pos.
8.9911230000;57.3744010000;0.31623;5.49740;100.00000;8.10000;10.00000;1497.24414;0.03780;3.58663;Invalid pos.;Invalid pos.
8.9916640000;57.3769650000;0.27602;5.11283;50.20967;8.40000;1.90339;1517.32288;0.05039;3.73943;Invalid pos.;Invalid pos.
8.9916640000;57.3769650000;0.27602;5.11283;50.20967;8.10000;1.95586;1517.32288;0.05039;3.73943;Invalid pos.;Invalid pos.
8.9812230000;57.3776200000;0.31623;5.30163;69.58565;8.40000;10.00000;1503.93701;0.04409;4.06483;Invalid pos.;Invalid pos.
8.9817640000;57.3801840000;0.26379;5.11283;100.00000;8.70000;5.06669;1497.24414;0.03780;3.73943;Invalid pos.;Invalid pos.
8.9713110000;57.3808390000;0.23025;4.75516;40.39236;8.70000;3.65588;1497.24414;0.03780;3.44008;Invalid pos.;Invalid pos.
8.9713110000;57.3808390000;0.23025;4.75516;40.39236;8.70000;3.75667;1497.24414;0.03780;3.44008;Invalid pos.;Invalid pos.
8.9613860000;57.3840580000;0.30221;5.30163;20.28087;8.40000;0.93851;1517.32288;0.04409;4.23799;Invalid pos.;Invalid pos.
8.9613860000;57.3840580000;0.30221;5.30163;20.28087;8.10000;0.93851;1517.32288;0.04409;4.23799;Invalid pos.;Invalid pos.
8.9613860000;57.3840580000;0.30221;5.30163;20.28087;8.10000;0.93851;1517.32288;0.04409;4.23799;Invalid pos.;Invalid pos.
8.9509120000;57.3847130000;0.25210;4.75516;58.04696;8.10000;10.00000;1497.24414;0.03780;3.44008;Invalid pos.;Invalid pos.
8.9514510000;57.3872770000;0.22005;4.75516;36.22890;8.10000;3.10546;1497.24414;0.03780;3.89873;Invalid pos.;Invalid pos.
8.9409660000;57.3879310000;0.26379;4.93075;41.88391;8.10000;5.06669;1497.24414;0.03780;3.73943;Invalid pos.;Invalid pos.
8.9409660000;57.3879310000;0.26379;4.93075;41.88391;8.70000;5.20637;1497.24414;0.03780;3.73943;Invalid pos.;Invalid pos.
8.9310070000;57.3911490000;0.28882;5.11283;22.61157;9.00000;2.36601;1497.24414;0.03780;3.58663;Invalid pos.;Invalid pos.
8.9310070000;57.3911490000;0.28882;5.11283;23.44654;9.30000;2.43123;1483.85828;0.03780;3.58663;Invalid pos.;Invalid pos.
8.9310070000;57.3911490000;0.28882;5.11283;23.44654;9.60000;2.49826;1463.77954;0.03780;3.58663;Invalid pos.;Invalid pos.
8.9205040000;57.3918020000;0.28882;5.11283;26.14104;9.30000;3.10546;1490.55115;0.04409;4.23799;Invalid pos.;Invalid pos.
8.9210400000;57.3943660000;0.23025;4.75516;93.00449;9.00000;0.77583;1497.24414;0.03780;3.44008;Invalid pos.;Invalid pos.
8.9105230000;57.3950200000;0.30221;5.30163;53.98629;9.00000;2.86215;1497.24414;0.03780;3.89873;Invalid pos.;Invalid pos.
8.9105230000;57.3950200000;0.30221;5.30163;55.97982;9.00000;2.94106;1497.24414;0.03780;3.89873;Invalid pos.;Invalid pos.
8.9110580000;57.3975840000;0.22005;4.58582;45.03429;8.40000;0.91333;1510.62988;0.05039;3.73943;Invalid pos.;Invalid pos.
8.9005320000;57.3982370000;0.26379;4.93075;32.49459;8.10000;1.95586;1503.93701;0.04409;3.73943;Invalid pos.;Invalid pos.
8.9005320000;57.3982370000;0.26379;4.93075;32.49459;7.80000;2.00978;1503.93701;0.04409;3.73943;Invalid pos.;Invalid pos.
8.8905330000;57.4014530000;0.20098;4.58582;46.69725;7.50000;1.57344;1497.24414;0.03780;3.73943;Invalid pos.;Invalid pos.
8.8905330000;57.4014530000;0.20098;4.58582;46.69725;7.50000;1.61682;1497.24414;0.03780;3.73943;Invalid pos.;Invalid pos.
8.8799860000;57.4021060000;0.18356;4.26502;50.20967;7.80000;2.78536;1497.24414;0.03780;3.16469;Invalid pos.;Invalid pos.
8.8799860000;57.4021060000;0.18356;4.26502;52.06375;7.80000;2.86215;1497.24414;0.03780;3.16469;Invalid pos.;Invalid pos.
8.8805200000;57.4046700000;0.19207;4.42251;41.88391;8.40000;4.07602;1497.24414;0.03780;3.29952;Invalid pos.;Invalid pos.
8.8699610000;57.4053220000;0.22005;4.58582;16.91790;8.40000;0.77583;1503.93701;0.04409;2.79239;Invalid pos.;Invalid pos.
8.8699610000;57.4053220000;0.22005;4.58582;16.91790;8.40000;0.77583;1503.93701;0.04409;2.79239;Invalid pos.;Invalid pos.
8.8599270000;57.4085370000;0.16022;4.11314;9.47061;8.70000;0.96439;1497.24414;0.03780;3.03538;Invalid pos.;Invalid pos.
8.8599270000;57.4085370000;0.16022;4.11314;9.47061;8.70000;0.96439;1497.24414;0.03780;3.03538;Invalid pos.;Invalid pos.
8.8493470000;57.4091890000;0.14634;3.82540;4.42251;8.70000;0.26141;1517.32288;0.04409;2.00000;Invalid pos.;Invalid pos.
8.8493470000;57.4091890000;0.15312;3.82540;4.42251;9.00000;0.26141;1517.32288;0.04409;2.00000;Invalid pos.;Invalid pos.
8.8498790000;57.4117530000;0.14634;3.68917;4.75516;9.00000;0.29145;1510.62988;0.04409;1.62345;Invalid pos.;Invalid pos.
8.8392920000;57.4124040000;0.15312;2.66193;1.54517;8.70000;0.12207;1517.32288;0.03780;0.94384;0.07658;0.00348
8.8392920000;57.4124040000;0.15312;2.66193;1.54517;8.70000;0.12544;1517.32288;0.03780;0.94384;0.07669;0.00348
8.8292220000;57.4156200000;0.12773;2.30253;1.15609;8.70000;0.10949;1530.70874;0.03780;0.70481;0.04916;0.00252
8.8292220000;57.4156200000;0.12773;2.30253;1.15609;8.40000;0.10949;1530.70874;0.03780;0.70481;0.04925;0.00252
8.8186100000;57.4162710000;0.12773;2.22053;1.28895;8.10000;0.11561;1510.62988;0.04409;0.76614;Invalid pos.;Invalid pos.
8.8191390000;57.4188340000;0.16022;1.85232;1.15609;8.10000;0.10949;1517.32288;0.04409;0.59648;0.06536;0.00305
8.8191390000;57.4188340000;0.16022;1.85232;1.15609;8.10000;0.10949;1517.32288;0.04409;0.59648;0.06543;0.00304
8.8085200000;57.4194850000;0.16022;1.72274;1.24305;7.80000;0.11251;1503.93701;0.04409;0.62189;Invalid pos.;Invalid pos.
8.8085200000;57.4194850000;0.16022;1.72274;1.24305;7.50000;0.11251;1510.62988;0.04409;0.62189;Invalid pos.;Invalid pos.
8.7984170000;57.4226980000;0.17543;1.99165;1.38590;8.10000;0.12207;1517.32288;0.03780;0.67601;0.06108;0.00274
8.7984170000;57.4226980000;0.17543;1.99165;1.38590;8.10000;0.12207;1517.32288;0.03780;0.67601;0.06114;0.00274
8.7984170000;57.4226980000;0.17543;1.99165;1.38590;8.10000;0.12207;1517.32288;0.03780;0.67601;0.06120;0.00273
8.7882990000;57.4259110000;0.16765;1.99165;1.43708;8.10000;0.11880;1510.62988;0.04409;0.64839;Invalid pos.;Invalid pos.
8.7882990000;57.4259110000;0.16765;1.99165;1.43708;8.40000;0.12207;1510.62988;0.04409;0.64839;Invalid pos.;Invalid pos.
8.7776490000;57.4265600000;0.16022;1.92072;1.43708;8.40000;0.12207;1517.32288;0.04409;0.67601;0.06268;0.00276
8.7781760000;57.4291240000;0.14634;2.38755;1.33655;8.10000;0.11561;1510.62988;0.04409;0.79878;Invalid pos.;Invalid pos.
8.7675140000;57.4297720000;0.16765;2.56714;2.96784;7.80000;0.19916;1503.93701;0.03780;0.83281;Invalid pos.;Invalid pos.
8.7675140000;57.4297720000;0.16765;2.56714;2.96784;7.80000;0.20466;1503.93701;0.03780;0.83281;Invalid pos.;Invalid pos.
8.7675140000;57.4297720000;0.16765;2.56714;2.96784;7.80000;0.20466;1503.93701;0.03780;0.83281;Invalid pos.;Invalid pos.
8.7573620000;57.4329850000;0.15312;3.43110;3.07744;7.80000;0.27602;1497.24414;0.03780;1.49349;Invalid pos.;Invalid pos.
8.7573620000;57.4329850000;0.15312;3.43110;3.07744;8.10000;0.27602;1497.24414;0.03780;1.49349;Invalid pos.;Invalid pos.
8.7466820000;57.4336320000;0.13985;3.43110;3.07744;8.40000;0.18862;1517.32288;0.04409;1.21230;Invalid pos.;Invalid pos.
8.7472060000;57.4361960000;0.11666;3.68917;2.38755;8.40000;0.16918;1517.32288;0.03780;2.08520;Invalid pos.;Invalid pos.
8.7365090000;57.4368440000;0.18356;2.38755;1.99165;8.40000;0.13985;1497.24414;0.03780;0.86829;Invalid pos.;Invalid pos.
8.7365090000;57.4368440000;0.18356;2.38755;1.99165;8.40000;0.14371;1497.24414;0.03780;0.86829;Invalid pos.;Invalid pos.
8.7365090000;57.4368440000;0.18356;2.38755;2.06519;8.40000;0.14371;1497.24414;0.03780;0.86829;Invalid pos.;Invalid pos.
8.7263300000;57.4400550000;0.15312;2.22053;1.49014;8.40000;0.12207;1517.32288;0.03780;0.83281;0.06587;0.00317
8.7263300000;57.4400550000;0.15312;2.22053;1.49014;8.40000;0.12207;1517.32288;0.03780;0.83281;0.06598;0.00317
8.7156100000;57.4407020000;0.16022;1.72274;1.19878;8.40000;0.10949;1517.32288;0.03780;0.57211;0.05842;0.00260
8.7161320000;57.4432650000;0.16765;1.49014;1.19878;9.00000;0.11251;1510.62988;0.04409;0.57211;0.05429;0.00241
8.7161320000;57.4432650000;0.16765;1.54517;1.19878;9.00000;0.11251;1503.93701;0.04409;0.57211;0.05434;0.00241
8.7054090000;57.4439120000;0.14634;1.85232;1.19878;8.70000;0.11561;1517.32288;0.03780;0.62189;0.05572;0.00247
8.7059300000;57.4464750000;0.13365;1.66139;0.93004;9.00000;0.09557;1517.32288;0.03780;0.59648;0.04615;0.00243
8.6951870000;57.4471220000;0.13365;0.96439;0.69586;8.70000;0.08118;1503.93701;0.04409;0.44542;0.03213;0.00178
8.6951870000;57.4471220000;0.13365;0.96439;0.69586;8.70000;0.08342;1503.93701;0.04409;0.44542;0.03221;0.00177
8.6951870000;57.4471220000;0.13365;0.96439;0.69586;8.70000;0.08342;1503.93701;0.04409;0.44542;0.03228;0.00177
8.6849590000;57.4503320000;0.13985;1.60223;0.83418;8.40000;0.09051;1524.01575;0.03780;0.52631;0.04290;0.00253
8.6849590000;57.4503320000;0.13985;1.60223;0.83418;8.10000;0.09051;1524.01575;0.03780;0.52631;0.04307;0.00253
8.6747180000;57.4535410000;0.13985;1.78636;0.77583;7.80000;0.08808;1503.93701;0.03780;0.57211;Invalid pos.;Invalid pos.
8.6752370000;57.4561040000;0.14634;1.49014;0.77583;7.50000;0.08808;1503.93701;0.04409;0.50481;0.04952;0.00282
8.6644640000;57.4567500000;0.14634;1.15609;0.83418;7.50000;0.09051;1524.01575;0.03780;0.54873;0.04255;0.00281
8.6649820000;57.4593130000;0.13985;1.54517;1.03693;7.80000;0.10369;1503.93701;0.04409;0.50481;0.04852;0.00229
8.6655010000;57.4618760000;0.16022;1.72274;0.89692;7.80000;0.09300;1503.93701;0.04409;0.67601;0.04799;0.00275
8.6552320000;57.4650850000;0.13985;1.43708;0.74820;7.80000;0.08572;1510.62988;0.03780;0.54873;0.04055;0.00264
8.6557490000;57.4676480000;0.16022;1.43708;0.89692;8.40000;0.09557;1517.32288;0.03780;0.62189;0.04614;0.00268
8.6454750000;57.4708560000;0.15312;1.54517;0.83418;8.40000;0.09051;1524.01575;0.03780;0.64839;0.04353;0.00275
8.6454750000;57.4708560000;0.15312;1.60223;0.83418;8.10000;0.09300;1524.01575;0.03780;0.64839;0.04356;0.00275
8.6459920000;57.4734190000;0.15312;1.33655;1.00000;8.40000;0.10091;1497.24414;0.03780;0.57211;Invalid pos.;Invalid pos.
8.6356950000;57.4766270000;0.12207;1.43708;0.93004;8.40000;0.09557;1510.62988;0.04409;0.54873;0.04232;0.00225
8.6362110000;57.4791900000;0.14634;1.38590;0.77583;8.40000;0.08808;1510.62988;0.04409;0.50481;0.04182;0.00262
8.6259080000;57.4823970000;0.12207;1.49014;0.86498;8.70000;0.09300;1517.32288;0.03780;0.57211;0.04227;0.00253
8.6259080000;57.4823970000;0.12207;1.49014;0.86498;8.40000;0.09300;1517.32288;0.03780;0.57211;0.04232;0.00253
8.6264240000;57.4849600000;0.11149;2.14145;0.89692;8.10000;0.09557;1524.01575;0.03780;0.79878;0.04485;0.00288
8.6161070000;57.4881690000;0.14634;1.66139;0.96439;8.40000;0.09820;1497.24414;0.03780;0.67601;Invalid pos.;Invalid pos.
8.6166210000;57.4907330000;0.11149;1.99165;0.80447;8.10000;0.09051;1530.70874;0.03780;0.76614;0.03336;0.00259
8.6062900000;57.4939390000;0.16765;1.66139;1.11492;8.10000;0.10655;1510.62988;0.04409;0.64839;0.06102;0.00280
8.6068040000;57.4965020000;0.17543;1.66139;1.00000;8.10000;0.10369;1503.93701;0.04409;0.64839;0.04787;0.00177
8.5959540000;57.4971450000;0.13985;1.60223;0.74820;7.80000;0.08572;1510.62988;0.04409;0.52631;0.03863;0.00185
8.5964660000;57.4997080000;0.15312;1.78636;1.00000;8.10000;0.10949;1503.93701;0.04409;0.67601;0.04495;0.00198
8.5969790000;57.5022710000;0.16022;1.85232;0.83418;8.40000;0.09300;1517.32288;0.03780;0.67601;0.03237;0.00190
8.5866220000;57.5054770000;0.10655;1.99165;0.80447;8.10000;0.08808;1510.62988;0.04409;0.52631;0.04809;0.00239
8.5871340000;57.5080400000;0.16765;1.99165;1.07522;8.40000;0.10369;1517.32288;0.03780;0.70481;0.05053;0.00253
8.5767660000;57.5112460000;0.12207;2.14145;0.80447;8.70000;0.09051;1517.32288;0.03780;0.70481;0.04562;0.00254
8.5767660000;57.5112460000;0.12207;2.14145;0.80447;8.70000;0.09051;1517.32288;0.03780;0.70481;0.04565;0.00254
8.5772770000;57.5138090000;0.15312;1.72274;0.74820;9.00000;0.09051;1503.93701;0.04409;0.52631;0.03254;0.00142
8.5668950000;57.5170140000;0.15312;2.14145;0.80447;9.30000;0.08808;1497.24414;0.03780;0.64839;0.03796;0.00216
8.5674060000;57.5195770000;0.16022;1.78636;0.64718;8.70000;0.07900;1497.24414;0.04409;0.57211;0.03067;0.00097
8.5570120000;57.5227810000;0.16022;1.72274;0.93004;9.00000;0.09820;1503.93701;0.04409;0.59648;Invalid pos.;Invalid pos.
8.5570120000;57.5227810000;0.16022;1.72274;0.93004;9.00000;0.09820;1503.93701;0.04409;0.59648;Invalid pos.;Invalid pos.
8.5466040000;57.5259850000;0.11149;2.47572;0.86498;9.00000;0.09300;1530.70874;0.03780;0.90528;0.03782;0.00259
8.5471130000;57.5285480000;0.17543;1.72274;1.11492;8.70000;0.10655;1503.93701;0.04409;0.62189;Invalid pos.;Invalid pos.
8.5476220000;57.5311110000;0.14634;1.54517;1.19878;9.00000;0.10949;1497.24414;0.04409;0.57211;Invalid pos.;Invalid pos.
8.5372030000;57.5343150000;0.15312;1.66139;1.11492;8.70000;0.10655;1510.62988;0.03780;0.64839;0.04783;0.00253
8.5377110000;57.5368780000;0.13985;2.14145;0.96439;9.00000;0.09820;1497.24414;0.04409;0.59648;Invalid pos.;Invalid pos.
8.5267700000;57.5375180000;0.13985;1.99165;0.74820;9.30000;0.08572;1503.93701;0.03780;0.64839;0.03946;0.00255
8.5272770000;57.5400820000;0.12773;1.99165;0.93004;9.30000;0.09820;1497.24414;0.03780;0.59648;0.04588;0.00199
8.5277850000;57.5426440000;0.15312;2.06519;0.93004;9.60000;0.09820;1490.55115;0.03780;0.73483;0.04707;0.00282
8.5173390000;57.5458470000;0.11666;2.66193;0.83418;8.70000;0.10091;1503.93701;0.04409;0.98405;Invalid pos.;Invalid pos.
8.5178460000;57.5484100000;0.16022;1.85232;1.15609;8.40000;0.10949;1503.93701;0.04409;0.73483;Invalid pos.;Invalid pos.
8.5068850000;57.5490490000;0.12207;2.30253;0.93004;7.80000;0.09557;1510.62988;0.04409;0.83281;0.04164;0.00218
8.5073910000;57.5516150000;0.11149;2.38755;0.93004;8.40000;0.09557;1510.62988;0.04409;0.79878;0.04669;0.00252
8.5078970000;57.5541770000;0.08888;2.47572;1.11492;8.70000;0.10655;1530.70874;0.04409;0.98405;0.04997;0.00302
8.4974190000;57.5573790000;0.11666;2.06519;0.89692;8.70000;0.09557;1490.55115;0.03780;0.70481;Invalid pos.;Invalid pos.
8.4979230000;57.5599420000;0.09300;2.96784;1.15609;8.70000;0.11561;1503.93701;0.04409;0.98405;Invalid pos.;Invalid pos.
8.4874390000;57.5631430000;0.16765;1.33655;0.83418;9.30000;0.09051;1490.55115;0.04409;0.57211;0.05169;0.00330
8.4874390000;57.5631430000;0.16765;1.33655;0.83418;9.00000;0.09051;1503.93701;0.04409;0.57211;0.05172;0.00330
8.4879430000;57.5657060000;0.12773;1.85232;0.72155;8.40000;0.08342;1530.70874;0.03780;0.67601;0.03532;0.00267
8.4774500000;57.5689070000;0.13365;1.54517;0.74820;8.70000;0.08572;1497.24414;0.03780;0.52631;0.04324;0.00200
8.4779530000;57.5714690000;0.05399;2.96784;0.93004;8.40000;0.09557;1503.93701;0.04409;0.86829;Invalid pos.;Invalid pos.
8.4674400000;57.5746700000;0.12207;2.22053;0.67108;8.70000;0.08118;1510.62988;0.04409;0.67601;0.03304;0.00192
8.4674400000;57.5746700000;0.12207;2.22053;0.67108;8.70000;0.08118;1510.62988;0.04409;0.67601;0.03308;0.00192
8.4679420000;57.5772320000;0.15312;1.43708;0.72155;9.00000;0.08342;1497.24414;0.04409;0.50481;0.04132;0.00233
8.4574180000;57.5804320000;0.11666;2.14145;0.83418;9.00000;0.09300;1503.93701;0.04409;0.67601;0.03487;0.00181
8.4579190000;57.5829950000;0.10655;2.38755;0.77583;9.30000;0.08808;1503.93701;0.03780;0.83281;0.03162;0.00199
8.4473850000;57.5861940000;0.13365;1.85232;1.00000;8.70000;0.10091;1503.93701;0.04409;0.64839;0.04596;0.00240
8.4478860000;57.5887570000;0.11149;2.22053;0.80447;8.40000;0.09051;1497.24414;0.04409;0.86829;Invalid pos.;Invalid pos.
8.4368350000;57.5893940000;0.12773;2.30253;0.80447;8.10000;0.09051;1517.32288;0.03780;0.86829;0.03944;0.00311
8.4373350000;57.5919560000;0.15312;1.28895;0.72155;8.40000;0.08572;1503.93701;0.04409;0.73483;0.03311;0.00222
8.4378350000;57.5945190000;0.15312;1.72274;0.89692;8.10000;0.09300;1510.62988;0.03780;0.70481;0.04482;0.00291
8.4272690000;57.5977180000;0.16765;2.06519;0.96439;8.40000;0.10949;1510.62988;0.04409;0.90528;0.03823;0.00225
8.4277690000;57.6002800000;0.13365;1.54517;0.86498;8.10000;0.09300;1497.24414;0.04409;0.76614;Invalid pos.;Invalid pos.
8.4171940000;57.6034780000;0.13985;2.22053;1.07522;8.70000;0.10369;1503.93701;0.04409;0.83281;0.04285;0.00260
8.4171940000;57.6034780000;0.13985;2.22053;1.07522;9.00000;0.10369;1503.93701;0.04409;0.83281;0.04289;0.00260
8.4176930000;57.6060410000;0.08118;2.47572;0.93004;9.00000;0.09820;1503.93701;0.04409;1.02597;0.04314;0.00240
8.4071000000;57.6092390000;0.14634;1.92072;0.96439;8.40000;0.09820;1517.32288;0.03780;0.76614;0.04324;0.00271
8.4075980000;57.6118010000;0.13365;1.85232;0.86498;8.10000;0.09820;1490.55115;0.03780;0.67601;Invalid pos.;Invalid pos.
8.3969940000;57.6149990000;0.12773;2.47572;1.15609;8.70000;0.11251;1503.93701;0.04409;0.94384;0.04588;0.00261
8.3969940000;57.6149990000;0.12773;2.47572;1.15609;8.70000;0.11251;1503.93701;0.04409;0.94384;Invalid pos.;Invalid pos.
8.3974910000;57.6175630000;0.16765;1.99165;1.11492;8.10000;0.10655;1510.62988;0.03780;0.86829;0.05063;0.00295
8.3868740000;57.6207610000;0.14634;1.92072;0.80447;8.40000;0.09051;1517.32288;0.03780;0.79878;0.03790;0.00279
8.3873690000;57.6233240000;0.11666;2.14145;0.93004;8.40000;0.09820;1503.93701;0.03780;0.94384;0.04233;0.00290
8.3767370000;57.6265200000;0.14634;1.43708;0.93004;8.40000;0.09557;1490.55115;0.03780;0.62189;0.04785;0.00243
8.3772320000;57.6290830000;0.17543;1.92072;1.07522;8.40000;0.10369;1510.62988;0.03780;0.73483;0.04564;0.00250
8.3772320000;57.6290830000;0.17543;1.92072;1.07522;8.10000;0.10369;1510.62988;0.03780;0.73483;0.04566;0.00250
8.3665880000;57.6322800000;0.16022;1.60223;1.07522;8.10000;0.10369;1497.24414;0.03780;0.70481;Invalid pos.;Invalid pos.
8.3670820000;57.6348420000;0.13365;2.22053;0.86498;8.40000;0.09300;1510.62988;0.03780;0.79878;0.03796;0.00229
8.3564290000;57.6380380000;0.16765;2.30253;1.07522;8.10000;0.10655;1517.32288;0.03780;1.02597;0.04784;0.00259
8.3569220000;57.6406010000;0.12773;2.30253;1.11492;8.70000;0.11251;1503.93701;0.04409;0.83281;0.05114;0.00233
8.3569220000;57.6406010000;0.12773;2.30253;1.11492;8.70000;0.11561;1503.93701;0.03780;0.83281;0.05120;0.00233
8.3462490000;57.6437960000;0.12207;2.30253;1.00000;8.70000;0.10091;1510.62988;0.03780;0.98405;0.05269;0.00325
8.3467410000;57.6463590000;0.15312;1.54517;0.83418;8.70000;0.09051;1510.62988;0.03780;0.70481;0.04317;0.00285
8.3360580000;57.6495540000;0.13985;1.60223;0.96439;8.70000;0.10655;1503.93701;0.04409;0.62189;Invalid pos.;Invalid pos.
8.3365500000;57.6521160000;0.13365;1.72274;1.07522;8.70000;0.10369;1510.62988;0.03780;0.79878;0.04804;0.00300
8.3370420000;57.6546790000;0.14634;1.54517;1.00000;8.40000;0.10091;1510.62988;0.03780;0.70481;0.04891;0.00302
8.3258550000;57.6553110000;0.14634;1.99165;1.07522;8.70000;0.10369;1517.32288;0.03780;0.79878;0.04420;0.00275
8.3263460000;57.6578730000;0.15312;1.92072;1.03693;9.60000;0.10091;1490.55115;0.03780;0.73483;0.04324;0.00284
8.3156340000;57.6610680000;0.15312;1.43708;0.72155;9.00000;0.08342;1483.85828;0.03150;0.83281;0.03731;0.00203
8.3161240000;57.6636300000;0.16765;1.72274;1.00000;9.00000;0.10091;1497.24414;0.03780;0.76614;Invalid pos.;Invalid pos.
8.3166140000;57.6661930000;0.16022;1.66139;0.89692;9.60000;0.09557;1470.47241;0.03780;0.76614;0.03796;0.00221
8.3053960000;57.6668240000;0.14634;2.22053;0.89692;9.60000;0.09557;1483.85828;0.03780;0.90528;0.04165;0.00267
8.3058860000;57.6693870000;0.16022;1.60223;1.11492;9.60000;0.10655;1470.47241;0.04409;0.64839;0.05532;0.00282
8.2951490000;57.6725800000;0.16022;1.99165;1.03693;9.90000;0.10369;1450.39368;0.03780;0.83281;0.04344;0.00249
8.2956370000;57.6751420000;0.14634;1.78636;0.83418;8.40000;0.09051;1503.93701;0.03780;0.79878;0.03766;0.00251
8.2961260000;57.6777050000;0.15312;1.66139;0.77583;8.10000;0.08808;1490.55115;0.03780;0.62189;0.02909;0.00144
8.2853760000;57.6808970000;0.15312;1.66139;0.89692;8.40000;0.09557;1503.93701;0.03780;0.64839;0.03644;0.00228
8.2853760000;57.6808970000;0.15312;1.66139;0.89692;8.40000;0.09557;1503.93701;0.03780;0.64839;0.03647;0.00228
8.2746110000;57.6840920000;0.12207;1.49014;0.86498;8.40000;0.09300;1490.55115;0.03780;0.57211;0.03876;0.00203
8.2750990000;57.6866540000;0.11666;1.99165;0.77583;8.70000;0.09820;1490.55115;0.03780;0.79878;Invalid pos.;Invalid pos.
8.2755870000;57.6892170000;0.12207;2.22053;1.00000;8.40000;0.10655;1490.55115;0.03780;0.90528;0.04305;0.00213
8.2648080000;57.6924090000;0.13985;1.72274;0.93004;8.70000;0.09820;1497.24414;0.04409;0.73483;Invalid pos.;Invalid pos.
8.2652960000;57.6949710000;0.18356;1.99165;1.00000;8.70000;0.10091;1490.55115;0.03780;0.86829;0.04347;0.00275
8.2540210000;57.6956000000;0.15312;1.43708;1.03693;8.40000;0.10369;1503.93701;0.03780;0.83281;0.03759;0.00300
8.2545070000;57.6981620000;0.16765;1.49014;0.80447;9.00000;0.08808;1517.32288;0.03150;0.70481;0.03895;0.00315
8.2549940000;57.7007250000;0.15312;1.60223;1.00000;9.00000;0.10091;1503.93701;0.03780;0.76614;0.04387;0.00320
8.2441880000;57.7039160000;0.15312;1.92072;0.96439;9.00000;0.09820;1503.93701;0.03780;0.86829;0.04154;0.00282
8.2446730000;57.7064780000;0.17543;2.30253;1.24305;9.00000;0.11251;1517.32288;0.03780;1.11525;0.04957;0.00363
8.2333700000;57.7071060000;0.12773;1.60223;0.89692;8.70000;0.09557;1503.93701;0.03780;0.86829;0.04033;0.00340
8.2338550000;57.7096690000;0.14634;1.43708;0.89692;9.30000;0.09557;1497.24414;0.03780;0.70481;0.04210;0.00332
8.2343400000;57.7122310000;0.18356;1.66139;1.33655;9.30000;0.11561;1463.77954;0.03150;0.86829;0.05306;0.00308
8.2235090000;57.7154210000;0.17543;1.78636;1.07522;9.30000;0.10655;1503.93701;0.03150;0.86829;0.03894;0.00325
8.2239930000;57.7179830000;0.18356;1.60223;1.15609;9.30000;0.10949;1483.85828;0.03780;0.90528;0.04789;0.00358
8.2131440000;57.7211730000;0.15312;1.85232;0.96439;9.30000;0.10091;1483.85828;0.03780;0.94384;0.03337;0.00244
8.2131440000;57.7211730000;0.15312;1.85232;0.96439;9.00000;0.10091;1503.93701;0.03780;0.94384;0.03335;0.00244
8.2136280000;57.7237350000;0.14634;2.30253;1.00000;8.70000;0.10091;1497.24414;0.04409;0.98405;Invalid pos.;Invalid pos.
8.2027690000;57.7269240000;0.16765;1.78636;1.00000;8.70000;0.10091;1503.93701;0.03780;1.06968;0.04224;0.00360
8.2032520000;57.7294860000;0.14634;1.24305;0.89692;9.30000;0.09557;1470.47241;0.03150;0.76614;Invalid pos.;Invalid pos.
8.2150780000;57.7314220000;0.14634;1.43708;1.24305;9.90000;0.11251;1443.70081;0.04409;0.90528;0.04488;0.00329
8.2155610000;57.7339850000;0.15312;2.14145;1.00000;9.30000;0.10091;1497.24414;0.03150;1.21230;0.03818;0.00370
8.2160450000;57.7365470000;0.16022;1.49014;1.07522;9.60000;0.10369;1463.77954;0.04409;0.86829;0.04046;0.00304
8.2165280000;57.7391090000;0.18356;1.85232;1.43708;9.60000;0.11880;1457.08667;0.03780;0.98405;0.05087;0.00359
8.2170120000;57.7416720000;0.16765;2.06519;1.19878;9.00000;0.11251;1497.24414;0.04409;1.02597;0.04596;0.00326
8.2174950000;57.7442340000;0.16022;1.72274;1.03693;8.70000;0.10091;1510.62988;0.03150;0.90528;0.03884;0.00352
8.2179780000;57.7467990000;0.13365;1.38590;0.93004;9.00000;0.09557;1483.85828;0.03150;0.76614;Invalid pos.;Invalid pos.
8.2184600000;57.7493610000;0.16022;1.60223;1.24305;9.00000;0.11251;1490.55115;0.04409;0.79878;0.04717;0.00343
8.2189430000;57.7519240000;0.16022;1.49014;1.03693;9.90000;0.10091;1450.39368;0.03780;0.94384;0.04179;0.00367